<?xml version="1.0" encoding="UTF-8"?>
<!DOCTYPE mapper PUBLIC "-//mybatis.org//DTD Mapper 3.0//EN" "http://mybatis.org/dtd/mybatis-3-mapper.dtd">
<!-- 参数管理手工映射SQL语句 -->
<mapper namespace="sysProvinceCity">
  <sql id="sql_where">

          <if test="''!=id and null!=id">
            AND  a.id = #{id}
          </if>
          <if test="''!=pid and null!=pid">
              AND  a.pid = #{pid}
          </if>
          <if test="''!=level and null!=level">
              AND  a.level = #{level}
          </if>
          <if test="''!=name and null!=name">
              AND  a.name LIKE CONCAT('%', #{name}, '%')
          </if>

   </sql>
  <!-- 插入 -->
  <insert id="saveInfo" parameterType="java.util.List">
      <![CDATA[
           insert into sys_province_city (
              id,pid, level,
              code, name, zip_code,
              short_name, lng, lat,
              create_time, update_time
              )
            values
          ]]>
          <foreach collection="list" item="list" open="(" separator="," close=")">
              <![CDATA[
                (
                  #{list[].id},#{list[].parent_id}, #{list[].level},
                  #{list[].area_code}, #{list[].name}, #{list[].zip_code},
                  #{list[].short_name}, #{list[].lng}, #{list[].lat},
                  now(), now()
                  )
            ]]>
          </foreach>

  </insert>

    <delete id="deteleAll">
        TRUNCATE TABLE sys_province_city
    </delete>
  <!-- 查询 -->
  <select id="queryList" parameterType="map" resultType="dto">
	  SELECT
	  a.*,b.name as pname
	  FROM
	  sys_province_city a
      left join sys_province_city b on a.pid = b.id
	  WHERE
	  1 = 1
	  <include refid="sql_where"/>
	  ORDER BY level,id asc
  </select>

  <select id="queryListCount" parameterType="map" resultType="java.lang.Integer">
    SELECT count(1) as count FROM sys_province_city a WHERE 1=1
    <include refid="sql_where"/> 
  </select>
  
  <!-- 查询 -->
  <select id="getInfo" parameterType="map" resultType="dto">
	  SELECT
	  a.*
	  FROM
	  sys_province_city a
	  WHERE
	  1 = 1
      <include refid="sql_where"/>
      limit 1
  </select>
</mapper>