<?xml version="1.0" encoding="UTF-8" ?>
<!DOCTYPE mapper PUBLIC "-//mybatis.org//DTD Mapper 3.0//EN"
        "http://mybatis.org/dtd/mybatis-3-mapper.dtd"><!-- 参数管理手工映射SQL语句 -->
<!-- 参数管理手工映射SQL语句 -->
<mapper namespace="sysRoleMenu">


    <sql id="sql_where">
        <if test="null!=roleid  and ''!= roleid">
            and a.roleid = #{roleid}
        </if>
        <if test="null!=menuid  and ''!= menuid">
            and a.menuid = #{menuid}
        </if>
        <if test="null!=status">
            and a.status = #{status}
        </if>
        <if test="null!=id  and ''!= id">
            and a.id = #{id}
        </if>
    </sql>

    <!-- 查询 -->
    <select id="queryList" parameterType="map" resultType="dto">
        SELECT a.*
        FROM sys_role_menu a
        WHERE 1=1
        <include refid="sql_where"/>
        ORDER BY id
    </select>

    <!-- 插入 -->
    <insert id="saveInfo" parameterType="dto">
        insert into sys_role_menu (roleid, menuid,
        status)
        values (#{roleid}, #{menuid}, 0)
    </insert>

    <!-- 删除 -->
    <delete id="deleteInfo" parameterType="map">
        DELETE FROM sys_role_menu WHERE id = #{id}
    </delete>

    <!-- 删除 -->
    <delete id="deleteByRM" parameterType="map">
        DELETE FROM sys_role_menu WHERE roleid = #{roleid} and menuid = #{menuid}
    </delete>

    <!-- 修改 -->
    <update id="updateInfo" parameterType="dto">
        update sys_role_menu
        set roleid = #{roleid},
        menuid = #{menuid},
        status = #{status}
        where id = #{id}
    </update>

    <!-- 查询 -->
    <select id="getInfo" parameterType="map" resultType="dto">
        SELECT a.*
        FROM sys_role_menu a
        WHERE 1=1
        <include refid="sql_where"/>
        limit 0,1
    </select>

</mapper>
