<?xml version="1.0" encoding="UTF-8" ?>
<!DOCTYPE mapper PUBLIC "-//mybatis.org//DTD Mapper 3.0//EN"
        "http://mybatis.org/dtd/mybatis-3-mapper.dtd"><!-- 参数管理手工映射SQL语句 -->
<!-- 参数管理手工映射SQL语句 -->
<mapper namespace="sysRoleUser">


    <sql id="sql_where">
        <if test="null!=userid  and ''!= userid">
            and a.userid = #{userid}
        </if>
        <if test="null!=id  and ''!= id">
            and a.id = #{id}
        </if>
        <if test="null!=roleid  and ''!= roleid">
            and a.roleid = #{roleid}
        </if>
    </sql>

    <!-- 查询 -->
    <select id="queryList" parameterType="map" resultType="dto">
        SELECT a.*
        FROM sys_role_user a
        WHERE 1=1
        <include refid="sql_where"/>
        ORDER BY id
    </select>

    <!-- 插入 -->
    <insert id="saveInfo" parameterType="dto">
        INSERT INTO
        `sys_role_user` (`roleid`, `userid`, `status`)
        VALUES (#{roleid}, #{userid}, '0')

    </insert>

    <!-- 删除 -->
    <delete id="deleteInfo" parameterType="dto">
        DELETE FROM sys_role_user WHERE 1= 1
        <if test="null!=id  and ''!= id">
            and id = #{id}
        </if>
        <if test="null!=userid  and ''!= userid">
            and userid = #{userid}
        </if>
    </delete>

    <!-- 修改 -->
    <update id="updateInfo" parameterType="dto">
        update sys_role_user
        set roleid = #{roleid},
        type = #{type},
        userid = #{userid},
        status = #{status}
        where id = #{id}
    </update>

    <!-- 查询 -->
    <select id="getInfo" parameterType="map" resultType="dto">
        SELECT a.*
        FROM sys_role_user a
        WHERE 1=1
        <include refid="sql_where"/>
        limit 0,1
    </select>

</mapper>
