{"name":"framework","content":{"./hs-libs/assets/imgs/checkbox-1.png":{"id":"./hs-libs/assets/imgs/checkbox-1.png","buildMeta":{"exportsType":"namespace","providedExports":["default"]}},"./hs-libs/assets/imgs/checkbox-2.png":{"id":"./hs-libs/assets/imgs/checkbox-2.png","buildMeta":{"exportsType":"namespace","providedExports":["default"]}},"./hs-libs/assets/imgs/checkbox-3.png":{"id":"./hs-libs/assets/imgs/checkbox-3.png","buildMeta":{"exportsType":"namespace","providedExports":["default"]}},"./hs-libs/assets/imgs/checkbox-4.png":{"id":"./hs-libs/assets/imgs/checkbox-4.png","buildMeta":{"exportsType":"namespace","providedExports":["default"]}},"./hs-libs/assets/imgs/checkbox-5.png":{"id":"./hs-libs/assets/imgs/checkbox-5.png","buildMeta":{"exportsType":"namespace","providedExports":["default"]}},"./hs-libs/components/ajax.js":{"id":"./hs-libs/components/ajax.js","buildMeta":{"exportsType":"namespace","providedExports":["default"]}},"./hs-libs/components/events.js":{"id":"./hs-libs/components/events.js","buildMeta":{"exportsType":"namespace","providedExports":["default","setOrigin","send","send2"]}},"./hs-libs/components/locale/app.json":{"id":"./hs-libs/components/locale/app.json","buildMeta":{"exportsType":"named","providedExports":["en","cn","default"]}},"./hs-libs/components/locale/index.js":{"id":"./hs-libs/components/locale/index.js","buildMeta":{"exportsType":"namespace","providedExports":["default","i18n"]}},"./hs-libs/components/locale/validation.json":{"id":"./hs-libs/components/locale/validation.json","buildMeta":{"exportsType":"named","providedExports":["en","cn","default"]}},"./hs-libs/components/msg.js":{"id":"./hs-libs/components/msg.js","buildMeta":{"exportsType":"namespace","providedExports":["default","setLocale"]}},"./hs-libs/components/progress.js":{"id":"./hs-libs/components/progress.js","buildMeta":{"exportsType":"namespace","providedExports":["default"]}},"./hs-libs/components/script.js":{"id":"./hs-libs/components/script.js","buildMeta":{"exportsType":"namespace","providedExports":["default"]}},"./hs-libs/components/ui lazy recursive ^\\.\\/.*$ exclude: \\.js":{"id":"./hs-libs/components/ui lazy recursive ^\\.\\/.*$ exclude: \\.js","buildMeta":{"providedExports":true}},"./hs-libs/components/ui/Checkbox.vue":{"id":"./hs-libs/components/ui/Checkbox.vue","buildMeta":{"exportsType":"namespace","providedExports":["default"]}},"./hs-libs/components/ui/Checkbox.vue?vue&type=script&lang=js&":{"id":"./hs-libs/components/ui/Checkbox.vue?vue&type=script&lang=js&","buildMeta":{"exportsType":"namespace","providedExports":["default"]}},"./hs-libs/components/ui/Checkbox.vue?vue&type=style&index=0&id=2be5151c&scoped=true&lang=css&":{"id":"./hs-libs/components/ui/Checkbox.vue?vue&type=style&index=0&id=2be5151c&scoped=true&lang=css&","buildMeta":{"exportsType":"namespace","providedExports":true}},"./hs-libs/components/ui/Checkbox.vue?vue&type=template&id=2be5151c&scoped=true&":{"id":"./hs-libs/components/ui/Checkbox.vue?vue&type=template&id=2be5151c&scoped=true&","buildMeta":{"exportsType":"namespace","providedExports":["render","staticRenderFns"]}},"./hs-libs/components/ui/index.js":{"id":"./hs-libs/components/ui/index.js","buildMeta":{"exportsType":"namespace","providedExports":["default","Checkbox","ChgLocale","Date","Radiobox","Select2","Tree","FileUpload"]}},"./hs-libs/components/validate.js":{"id":"./hs-libs/components/validate.js","buildMeta":{"exportsType":"namespace","providedExports":[]}},"./hs-libs/framework.js":{"id":"./hs-libs/framework.js","buildMeta":{"exportsType":"namespace","providedExports":["default","locale","i18n","script","editors","views","dict","apps","meta","MetaDatas","user","auths","comps","Table1","TableX"]}},"./hs-libs/framework/apps.js":{"id":"./hs-libs/framework/apps.js","buildMeta":{"exportsType":"namespace","providedExports":["default"]}},"./hs-libs/framework/dict.js":{"id":"./hs-libs/framework/dict.js","buildMeta":{"exportsType":"namespace","providedExports":["default"]}},"./hs-libs/framework/editors.js":{"id":"./hs-libs/framework/editors.js","buildMeta":{"exportsType":"namespace","providedExports":["default"]}},"./hs-libs/framework/meta/export.js":{"id":"./hs-libs/framework/meta/export.js","buildMeta":{"exportsType":"namespace","providedExports":["default"]}},"./hs-libs/framework/meta/form.js":{"id":"./hs-libs/framework/meta/form.js","buildMeta":{"exportsType":"namespace","providedExports":["default"]}},"./hs-libs/framework/meta/index.js":{"id":"./hs-libs/framework/meta/index.js","buildMeta":{"exportsType":"namespace","providedExports":["default","Datas"]}},"./hs-libs/framework/meta/meta.js":{"id":"./hs-libs/framework/meta/meta.js","buildMeta":{"exportsType":"namespace","providedExports":["default"]}},"./hs-libs/framework/meta/search.js":{"id":"./hs-libs/framework/meta/search.js","buildMeta":{"exportsType":"namespace","providedExports":["default"]}},"./hs-libs/framework/ui/EditableTable.vue":{"id":"./hs-libs/framework/ui/EditableTable.vue","buildMeta":{"exportsType":"namespace","providedExports":["default"]}},"./hs-libs/framework/ui/EditableTable.vue?vue&type=script&lang=js&":{"id":"./hs-libs/framework/ui/EditableTable.vue?vue&type=script&lang=js&","buildMeta":{"exportsType":"namespace","providedExports":["default"]}},"./hs-libs/framework/ui/EditableTable.vue?vue&type=style&index=0&id=27bc6d4d&scoped=true&lang=css&":{"id":"./hs-libs/framework/ui/EditableTable.vue?vue&type=style&index=0&id=27bc6d4d&scoped=true&lang=css&","buildMeta":{"exportsType":"namespace","providedExports":true}},"./hs-libs/framework/ui/EditableTable.vue?vue&type=template&id=27bc6d4d&scoped=true&":{"id":"./hs-libs/framework/ui/EditableTable.vue?vue&type=template&id=27bc6d4d&scoped=true&","buildMeta":{"exportsType":"namespace","providedExports":["render","staticRenderFns"]}},"./hs-libs/framework/ui/Form.vue":{"id":"./hs-libs/framework/ui/Form.vue","buildMeta":{"exportsType":"namespace","providedExports":["default"]}},"./hs-libs/framework/ui/Form.vue?vue&type=script&lang=js&":{"id":"./hs-libs/framework/ui/Form.vue?vue&type=script&lang=js&","buildMeta":{"exportsType":"namespace","providedExports":["default"]}},"./hs-libs/framework/ui/Form.vue?vue&type=style&index=0&id=12c2a511&scoped=true&lang=css&":{"id":"./hs-libs/framework/ui/Form.vue?vue&type=style&index=0&id=12c2a511&scoped=true&lang=css&","buildMeta":{"exportsType":"namespace","providedExports":true}},"./hs-libs/framework/ui/Form.vue?vue&type=template&id=12c2a511&scoped=true&":{"id":"./hs-libs/framework/ui/Form.vue?vue&type=template&id=12c2a511&scoped=true&","buildMeta":{"exportsType":"namespace","providedExports":["render","staticRenderFns"]}},"./hs-libs/framework/ui/Import.vue":{"id":"./hs-libs/framework/ui/Import.vue","buildMeta":{"exportsType":"namespace","providedExports":["default"]}},"./hs-libs/framework/ui/Import.vue?vue&type=custom&index=0&blockType=i18n-yaml":{"id":"./hs-libs/framework/ui/Import.vue?vue&type=custom&index=0&blockType=i18n-yaml","buildMeta":{"exportsType":"namespace","providedExports":true}},"./hs-libs/framework/ui/Import.vue?vue&type=script&lang=js&":{"id":"./hs-libs/framework/ui/Import.vue?vue&type=script&lang=js&","buildMeta":{"exportsType":"namespace","providedExports":["default"]}},"./hs-libs/framework/ui/Import.vue?vue&type=style&index=0&id=2ed89a32&scoped=true&lang=css&":{"id":"./hs-libs/framework/ui/Import.vue?vue&type=style&index=0&id=2ed89a32&scoped=true&lang=css&","buildMeta":{"exportsType":"namespace","providedExports":true}},"./hs-libs/framework/ui/Import.vue?vue&type=template&id=2ed89a32&scoped=true&":{"id":"./hs-libs/framework/ui/Import.vue?vue&type=template&id=2ed89a32&scoped=true&","buildMeta":{"exportsType":"namespace","providedExports":["render","staticRenderFns"]}},"./hs-libs/framework/ui/PageTable.vue":{"id":"./hs-libs/framework/ui/PageTable.vue","buildMeta":{"exportsType":"namespace","providedExports":["default"]}},"./hs-libs/framework/ui/PageTable.vue?vue&type=custom&index=0&blockType=i18n":{"id":"./hs-libs/framework/ui/PageTable.vue?vue&type=custom&index=0&blockType=i18n","buildMeta":{"exportsType":"namespace","providedExports":true}},"./hs-libs/framework/ui/PageTable.vue?vue&type=script&lang=js&":{"id":"./hs-libs/framework/ui/PageTable.vue?vue&type=script&lang=js&","buildMeta":{"exportsType":"namespace","providedExports":["default"]}},"./hs-libs/framework/ui/PageTable.vue?vue&type=template&id=fccfb1fc&":{"id":"./hs-libs/framework/ui/PageTable.vue?vue&type=template&id=fccfb1fc&","buildMeta":{"exportsType":"namespace","providedExports":["render","staticRenderFns"]}},"./hs-libs/framework/ui/Pager.vue":{"id":"./hs-libs/framework/ui/Pager.vue","buildMeta":{"exportsType":"namespace","providedExports":["default"]}},"./hs-libs/framework/ui/Pager.vue?vue&type=custom&index=0&blockType=i18n-yaml":{"id":"./hs-libs/framework/ui/Pager.vue?vue&type=custom&index=0&blockType=i18n-yaml","buildMeta":{"exportsType":"namespace","providedExports":true}},"./hs-libs/framework/ui/Pager.vue?vue&type=script&lang=js&":{"id":"./hs-libs/framework/ui/Pager.vue?vue&type=script&lang=js&","buildMeta":{"exportsType":"namespace","providedExports":["default"]}},"./hs-libs/framework/ui/Pager.vue?vue&type=style&index=0&lang=css&":{"id":"./hs-libs/framework/ui/Pager.vue?vue&type=style&index=0&lang=css&","buildMeta":{"exportsType":"namespace","providedExports":true}},"./hs-libs/framework/ui/Pager.vue?vue&type=template&id=120017c6&":{"id":"./hs-libs/framework/ui/Pager.vue?vue&type=template&id=120017c6&","buildMeta":{"exportsType":"namespace","providedExports":["render","staticRenderFns"]}},"./hs-libs/framework/ui/SearchForm.vue":{"id":"./hs-libs/framework/ui/SearchForm.vue","buildMeta":{"exportsType":"namespace","providedExports":["default"]}},"./hs-libs/framework/ui/SearchForm.vue?vue&type=custom&index=0&blockType=i18n-yaml":{"id":"./hs-libs/framework/ui/SearchForm.vue?vue&type=custom&index=0&blockType=i18n-yaml","buildMeta":{"exportsType":"namespace","providedExports":true}},"./hs-libs/framework/ui/SearchForm.vue?vue&type=script&lang=js&":{"id":"./hs-libs/framework/ui/SearchForm.vue?vue&type=script&lang=js&","buildMeta":{"exportsType":"namespace","providedExports":["default"]}},"./hs-libs/framework/ui/SearchForm.vue?vue&type=style&index=0&id=2c49eb19&scoped=true&lang=scss&":{"id":"./hs-libs/framework/ui/SearchForm.vue?vue&type=style&index=0&id=2c49eb19&scoped=true&lang=scss&","buildMeta":{"exportsType":"namespace","providedExports":true}},"./hs-libs/framework/ui/SearchForm.vue?vue&type=template&id=2c49eb19&scoped=true&":{"id":"./hs-libs/framework/ui/SearchForm.vue?vue&type=template&id=2c49eb19&scoped=true&","buildMeta":{"exportsType":"namespace","providedExports":["render","staticRenderFns"]}},"./hs-libs/framework/ui/Table1.vue":{"id":"./hs-libs/framework/ui/Table1.vue","buildMeta":{"exportsType":"namespace","providedExports":["default"]}},"./hs-libs/framework/ui/Table1.vue?vue&type=script&lang=js&":{"id":"./hs-libs/framework/ui/Table1.vue?vue&type=script&lang=js&","buildMeta":{"exportsType":"namespace","providedExports":["default"]}},"./hs-libs/framework/ui/Table1.vue?vue&type=style&index=0&id=53e8f5b0&lang=less&scoped=true&":{"id":"./hs-libs/framework/ui/Table1.vue?vue&type=style&index=0&id=53e8f5b0&lang=less&scoped=true&","buildMeta":{"exportsType":"namespace","providedExports":true}},"./hs-libs/framework/ui/Table1.vue?vue&type=template&id=53e8f5b0&scoped=true&":{"id":"./hs-libs/framework/ui/Table1.vue?vue&type=template&id=53e8f5b0&scoped=true&","buildMeta":{"exportsType":"namespace","providedExports":["render","staticRenderFns"]}},"./hs-libs/framework/ui/TableX.vue":{"id":"./hs-libs/framework/ui/TableX.vue","buildMeta":{"exportsType":"namespace","providedExports":["default"]}},"./hs-libs/framework/ui/TableX.vue?vue&type=script&lang=js&":{"id":"./hs-libs/framework/ui/TableX.vue?vue&type=script&lang=js&","buildMeta":{"exportsType":"namespace","providedExports":["default"]}},"./hs-libs/framework/ui/TableX.vue?vue&type=style&index=0&id=560e8a57&scoped=true&lang=css&":{"id":"./hs-libs/framework/ui/TableX.vue?vue&type=style&index=0&id=560e8a57&scoped=true&lang=css&","buildMeta":{"exportsType":"namespace","providedExports":true}},"./hs-libs/framework/ui/TableX.vue?vue&type=template&id=560e8a57&scoped=true&":{"id":"./hs-libs/framework/ui/TableX.vue?vue&type=template&id=560e8a57&scoped=true&","buildMeta":{"exportsType":"namespace","providedExports":["render","staticRenderFns"]}},"./hs-libs/framework/ui/editors lazy recursive ^\\.\\/.*$ include: \\.vue":{"id":"./hs-libs/framework/ui/editors lazy recursive ^\\.\\/.*$ include: \\.vue","buildMeta":{"providedExports":true}},"./hs-libs/framework/ui/index.js":{"id":"./hs-libs/framework/ui/index.js","buildMeta":{"exportsType":"namespace","providedExports":["default"]}},"./hs-libs/framework/ui/loader/index.vue":{"id":"./hs-libs/framework/ui/loader/index.vue","buildMeta":{"exportsType":"namespace","providedExports":["default"]}},"./hs-libs/framework/ui/loader/index.vue?vue&type=script&lang=js&":{"id":"./hs-libs/framework/ui/loader/index.vue?vue&type=script&lang=js&","buildMeta":{"exportsType":"namespace","providedExports":["default"]}},"./hs-libs/framework/ui/loader/index.vue?vue&type=template&id=167a7a03&":{"id":"./hs-libs/framework/ui/loader/index.vue?vue&type=template&id=167a7a03&","buildMeta":{"exportsType":"namespace","providedExports":["render","staticRenderFns"]}},"./hs-libs/framework/ui/loader/loader.js":{"id":"./hs-libs/framework/ui/loader/loader.js","buildMeta":{"exportsType":"namespace","providedExports":["default"]}},"./hs-libs/framework/ui/views lazy recursive ^\\.\\/.*$ include: \\.vue":{"id":"./hs-libs/framework/ui/views lazy recursive ^\\.\\/.*$ include: \\.vue","buildMeta":{"providedExports":true}},"./hs-libs/framework/user.js":{"id":"./hs-libs/framework/user.js","buildMeta":{"exportsType":"namespace","providedExports":["user","auths"]}},"./hs-libs/framework/views.js":{"id":"./hs-libs/framework/views.js","buildMeta":{"exportsType":"namespace","providedExports":["default"]}},"./hs-libs/vendor.js":{"id":"./hs-libs/vendor.js","buildMeta":{"exportsType":"namespace","providedExports":["ajax","msg","progress"]}},"./node_modules/@babel/runtime/helpers/asyncToGenerator.js":{"id":"./node_modules/@babel/runtime/helpers/asyncToGenerator.js","buildMeta":{"providedExports":true}},"./node_modules/@babel/runtime/helpers/classCallCheck.js":{"id":"./node_modules/@babel/runtime/helpers/classCallCheck.js","buildMeta":{"providedExports":true}},"./node_modules/@babel/runtime/helpers/defineProperty.js":{"id":"./node_modules/@babel/runtime/helpers/defineProperty.js","buildMeta":{"providedExports":true}},"./node_modules/@babel/runtime/helpers/typeof.js":{"id":"./node_modules/@babel/runtime/helpers/typeof.js","buildMeta":{"providedExports":true}},"./node_modules/@babel/runtime/regenerator/index.js":{"id":"./node_modules/@babel/runtime/regenerator/index.js","buildMeta":{"providedExports":true}},"./node_modules/@intlify/vue-i18n-loader/lib/index.js!./node_modules/yaml-loader/index.js!./node_modules/thread-loader/dist/cjs.js!./node_modules/vue-loader/lib/index.js?!./hs-libs/framework/ui/Import.vue?vue&type=custom&index=0&blockType=i18n-yaml":{"id":"./node_modules/@intlify/vue-i18n-loader/lib/index.js!./node_modules/yaml-loader/index.js!./node_modules/thread-loader/dist/cjs.js!./node_modules/vue-loader/lib/index.js?!./hs-libs/framework/ui/Import.vue?vue&type=custom&index=0&blockType=i18n-yaml","buildMeta":{"providedExports":true}},"./node_modules/@intlify/vue-i18n-loader/lib/index.js!./node_modules/yaml-loader/index.js!./node_modules/thread-loader/dist/cjs.js!./node_modules/vue-loader/lib/index.js?!./hs-libs/framework/ui/PageTable.vue?vue&type=custom&index=0&blockType=i18n":{"id":"./node_modules/@intlify/vue-i18n-loader/lib/index.js!./node_modules/yaml-loader/index.js!./node_modules/thread-loader/dist/cjs.js!./node_modules/vue-loader/lib/index.js?!./hs-libs/framework/ui/PageTable.vue?vue&type=custom&index=0&blockType=i18n","buildMeta":{"providedExports":true}},"./node_modules/@intlify/vue-i18n-loader/lib/index.js!./node_modules/yaml-loader/index.js!./node_modules/thread-loader/dist/cjs.js!./node_modules/vue-loader/lib/index.js?!./hs-libs/framework/ui/Pager.vue?vue&type=custom&index=0&blockType=i18n-yaml":{"id":"./node_modules/@intlify/vue-i18n-loader/lib/index.js!./node_modules/yaml-loader/index.js!./node_modules/thread-loader/dist/cjs.js!./node_modules/vue-loader/lib/index.js?!./hs-libs/framework/ui/Pager.vue?vue&type=custom&index=0&blockType=i18n-yaml","buildMeta":{"providedExports":true}},"./node_modules/@intlify/vue-i18n-loader/lib/index.js!./node_modules/yaml-loader/index.js!./node_modules/thread-loader/dist/cjs.js!./node_modules/vue-loader/lib/index.js?!./hs-libs/framework/ui/SearchForm.vue?vue&type=custom&index=0&blockType=i18n-yaml":{"id":"./node_modules/@intlify/vue-i18n-loader/lib/index.js!./node_modules/yaml-loader/index.js!./node_modules/thread-loader/dist/cjs.js!./node_modules/vue-loader/lib/index.js?!./hs-libs/framework/ui/SearchForm.vue?vue&type=custom&index=0&blockType=i18n-yaml","buildMeta":{"providedExports":true}},"./node_modules/core-js/internals/add-to-unscopables.js":{"id":"./node_modules/core-js/internals/add-to-unscopables.js","buildMeta":{"providedExports":true}},"./node_modules/core-js/internals/advance-string-index.js":{"id":"./node_modules/core-js/internals/advance-string-index.js","buildMeta":{"providedExports":true}},"./node_modules/core-js/internals/an-object.js":{"id":"./node_modules/core-js/internals/an-object.js","buildMeta":{"providedExports":true}},"./node_modules/core-js/internals/array-for-each.js":{"id":"./node_modules/core-js/internals/array-for-each.js","buildMeta":{"providedExports":true}},"./node_modules/core-js/internals/array-from.js":{"id":"./node_modules/core-js/internals/array-from.js","buildMeta":{"providedExports":true}},"./node_modules/core-js/internals/array-iteration.js":{"id":"./node_modules/core-js/internals/array-iteration.js","buildMeta":{"providedExports":true}},"./node_modules/core-js/internals/array-last-index-of.js":{"id":"./node_modules/core-js/internals/array-last-index-of.js","buildMeta":{"providedExports":true}},"./node_modules/core-js/internals/array-method-has-species-support.js":{"id":"./node_modules/core-js/internals/array-method-has-species-support.js","buildMeta":{"providedExports":true}},"./node_modules/core-js/internals/array-method-is-strict.js":{"id":"./node_modules/core-js/internals/array-method-is-strict.js","buildMeta":{"providedExports":true}},"./node_modules/core-js/internals/array-method-uses-to-length.js":{"id":"./node_modules/core-js/internals/array-method-uses-to-length.js","buildMeta":{"providedExports":true}},"./node_modules/core-js/internals/array-species-create.js":{"id":"./node_modules/core-js/internals/array-species-create.js","buildMeta":{"providedExports":true}},"./node_modules/core-js/internals/call-with-safe-iteration-closing.js":{"id":"./node_modules/core-js/internals/call-with-safe-iteration-closing.js","buildMeta":{"providedExports":true}},"./node_modules/core-js/internals/check-correctness-of-iteration.js":{"id":"./node_modules/core-js/internals/check-correctness-of-iteration.js","buildMeta":{"providedExports":true}},"./node_modules/core-js/internals/copy-constructor-properties.js":{"id":"./node_modules/core-js/internals/copy-constructor-properties.js","buildMeta":{"providedExports":true}},"./node_modules/core-js/internals/correct-prototype-getter.js":{"id":"./node_modules/core-js/internals/correct-prototype-getter.js","buildMeta":{"providedExports":true}},"./node_modules/core-js/internals/create-iterator-constructor.js":{"id":"./node_modules/core-js/internals/create-iterator-constructor.js","buildMeta":{"providedExports":true}},"./node_modules/core-js/internals/create-non-enumerable-property.js":{"id":"./node_modules/core-js/internals/create-non-enumerable-property.js","buildMeta":{"providedExports":true}},"./node_modules/core-js/internals/create-property-descriptor.js":{"id":"./node_modules/core-js/internals/create-property-descriptor.js","buildMeta":{"providedExports":true}},"./node_modules/core-js/internals/create-property.js":{"id":"./node_modules/core-js/internals/create-property.js","buildMeta":{"providedExports":true}},"./node_modules/core-js/internals/define-iterator.js":{"id":"./node_modules/core-js/internals/define-iterator.js","buildMeta":{"providedExports":true}},"./node_modules/core-js/internals/define-well-known-symbol.js":{"id":"./node_modules/core-js/internals/define-well-known-symbol.js","buildMeta":{"providedExports":true}},"./node_modules/core-js/internals/descriptors.js":{"id":"./node_modules/core-js/internals/descriptors.js","buildMeta":{"providedExports":true}},"./node_modules/core-js/internals/dom-iterables.js":{"id":"./node_modules/core-js/internals/dom-iterables.js","buildMeta":{"providedExports":true}},"./node_modules/core-js/internals/export.js":{"id":"./node_modules/core-js/internals/export.js","buildMeta":{"providedExports":true}},"./node_modules/core-js/internals/fails.js":{"id":"./node_modules/core-js/internals/fails.js","buildMeta":{"providedExports":true}},"./node_modules/core-js/internals/fix-regexp-well-known-symbol-logic.js":{"id":"./node_modules/core-js/internals/fix-regexp-well-known-symbol-logic.js","buildMeta":{"providedExports":true}},"./node_modules/core-js/internals/function-bind-context.js":{"id":"./node_modules/core-js/internals/function-bind-context.js","buildMeta":{"providedExports":true}},"./node_modules/core-js/internals/get-built-in.js":{"id":"./node_modules/core-js/internals/get-built-in.js","buildMeta":{"providedExports":true}},"./node_modules/core-js/internals/get-iterator-method.js":{"id":"./node_modules/core-js/internals/get-iterator-method.js","buildMeta":{"providedExports":true}},"./node_modules/core-js/internals/global.js":{"id":"./node_modules/core-js/internals/global.js","buildMeta":{"providedExports":true}},"./node_modules/core-js/internals/has.js":{"id":"./node_modules/core-js/internals/has.js","buildMeta":{"providedExports":true}},"./node_modules/core-js/internals/hidden-keys.js":{"id":"./node_modules/core-js/internals/hidden-keys.js","buildMeta":{"providedExports":true}},"./node_modules/core-js/internals/indexed-object.js":{"id":"./node_modules/core-js/internals/indexed-object.js","buildMeta":{"providedExports":true}},"./node_modules/core-js/internals/internal-state.js":{"id":"./node_modules/core-js/internals/internal-state.js","buildMeta":{"providedExports":true}},"./node_modules/core-js/internals/is-array-iterator-method.js":{"id":"./node_modules/core-js/internals/is-array-iterator-method.js","buildMeta":{"providedExports":true}},"./node_modules/core-js/internals/is-array.js":{"id":"./node_modules/core-js/internals/is-array.js","buildMeta":{"providedExports":true}},"./node_modules/core-js/internals/is-object.js":{"id":"./node_modules/core-js/internals/is-object.js","buildMeta":{"providedExports":true}},"./node_modules/core-js/internals/is-pure.js":{"id":"./node_modules/core-js/internals/is-pure.js","buildMeta":{"providedExports":true}},"./node_modules/core-js/internals/is-regexp.js":{"id":"./node_modules/core-js/internals/is-regexp.js","buildMeta":{"providedExports":true}},"./node_modules/core-js/internals/iterators-core.js":{"id":"./node_modules/core-js/internals/iterators-core.js","buildMeta":{"providedExports":true}},"./node_modules/core-js/internals/iterators.js":{"id":"./node_modules/core-js/internals/iterators.js","buildMeta":{"providedExports":true}},"./node_modules/core-js/internals/native-symbol.js":{"id":"./node_modules/core-js/internals/native-symbol.js","buildMeta":{"providedExports":true}},"./node_modules/core-js/internals/object-assign.js":{"id":"./node_modules/core-js/internals/object-assign.js","buildMeta":{"providedExports":true}},"./node_modules/core-js/internals/object-create.js":{"id":"./node_modules/core-js/internals/object-create.js","buildMeta":{"providedExports":true}},"./node_modules/core-js/internals/object-define-property.js":{"id":"./node_modules/core-js/internals/object-define-property.js","buildMeta":{"providedExports":true}},"./node_modules/core-js/internals/object-get-own-property-descriptor.js":{"id":"./node_modules/core-js/internals/object-get-own-property-descriptor.js","buildMeta":{"providedExports":true}},"./node_modules/core-js/internals/object-get-own-property-names-external.js":{"id":"./node_modules/core-js/internals/object-get-own-property-names-external.js","buildMeta":{"providedExports":true}},"./node_modules/core-js/internals/object-get-own-property-names.js":{"id":"./node_modules/core-js/internals/object-get-own-property-names.js","buildMeta":{"providedExports":true}},"./node_modules/core-js/internals/object-get-own-property-symbols.js":{"id":"./node_modules/core-js/internals/object-get-own-property-symbols.js","buildMeta":{"providedExports":true}},"./node_modules/core-js/internals/object-get-prototype-of.js":{"id":"./node_modules/core-js/internals/object-get-prototype-of.js","buildMeta":{"providedExports":true}},"./node_modules/core-js/internals/object-keys.js":{"id":"./node_modules/core-js/internals/object-keys.js","buildMeta":{"providedExports":true}},"./node_modules/core-js/internals/object-property-is-enumerable.js":{"id":"./node_modules/core-js/internals/object-property-is-enumerable.js","buildMeta":{"providedExports":true}},"./node_modules/core-js/internals/object-set-prototype-of.js":{"id":"./node_modules/core-js/internals/object-set-prototype-of.js","buildMeta":{"providedExports":true}},"./node_modules/core-js/internals/path.js":{"id":"./node_modules/core-js/internals/path.js","buildMeta":{"providedExports":true}},"./node_modules/core-js/internals/redefine.js":{"id":"./node_modules/core-js/internals/redefine.js","buildMeta":{"providedExports":true}},"./node_modules/core-js/internals/regexp-exec-abstract.js":{"id":"./node_modules/core-js/internals/regexp-exec-abstract.js","buildMeta":{"providedExports":true}},"./node_modules/core-js/internals/regexp-exec.js":{"id":"./node_modules/core-js/internals/regexp-exec.js","buildMeta":{"providedExports":true}},"./node_modules/core-js/internals/require-object-coercible.js":{"id":"./node_modules/core-js/internals/require-object-coercible.js","buildMeta":{"providedExports":true}},"./node_modules/core-js/internals/same-value.js":{"id":"./node_modules/core-js/internals/same-value.js","buildMeta":{"providedExports":true}},"./node_modules/core-js/internals/set-to-string-tag.js":{"id":"./node_modules/core-js/internals/set-to-string-tag.js","buildMeta":{"providedExports":true}},"./node_modules/core-js/internals/shared-key.js":{"id":"./node_modules/core-js/internals/shared-key.js","buildMeta":{"providedExports":true}},"./node_modules/core-js/internals/shared.js":{"id":"./node_modules/core-js/internals/shared.js","buildMeta":{"providedExports":true}},"./node_modules/core-js/internals/species-constructor.js":{"id":"./node_modules/core-js/internals/species-constructor.js","buildMeta":{"providedExports":true}},"./node_modules/core-js/internals/string-multibyte.js":{"id":"./node_modules/core-js/internals/string-multibyte.js","buildMeta":{"providedExports":true}},"./node_modules/core-js/internals/to-absolute-index.js":{"id":"./node_modules/core-js/internals/to-absolute-index.js","buildMeta":{"providedExports":true}},"./node_modules/core-js/internals/to-indexed-object.js":{"id":"./node_modules/core-js/internals/to-indexed-object.js","buildMeta":{"providedExports":true}},"./node_modules/core-js/internals/to-integer.js":{"id":"./node_modules/core-js/internals/to-integer.js","buildMeta":{"providedExports":true}},"./node_modules/core-js/internals/to-length.js":{"id":"./node_modules/core-js/internals/to-length.js","buildMeta":{"providedExports":true}},"./node_modules/core-js/internals/to-object.js":{"id":"./node_modules/core-js/internals/to-object.js","buildMeta":{"providedExports":true}},"./node_modules/core-js/internals/to-primitive.js":{"id":"./node_modules/core-js/internals/to-primitive.js","buildMeta":{"providedExports":true}},"./node_modules/core-js/internals/uid.js":{"id":"./node_modules/core-js/internals/uid.js","buildMeta":{"providedExports":true}},"./node_modules/core-js/internals/use-symbol-as-uid.js":{"id":"./node_modules/core-js/internals/use-symbol-as-uid.js","buildMeta":{"providedExports":true}},"./node_modules/core-js/internals/well-known-symbol-wrapped.js":{"id":"./node_modules/core-js/internals/well-known-symbol-wrapped.js","buildMeta":{"providedExports":true}},"./node_modules/core-js/internals/well-known-symbol.js":{"id":"./node_modules/core-js/internals/well-known-symbol.js","buildMeta":{"providedExports":true}},"./node_modules/core-js/modules/es.array.concat.js":{"id":"./node_modules/core-js/modules/es.array.concat.js","buildMeta":{"providedExports":true}},"./node_modules/core-js/modules/es.array.find-index.js":{"id":"./node_modules/core-js/modules/es.array.find-index.js","buildMeta":{"providedExports":true}},"./node_modules/core-js/modules/es.array.find.js":{"id":"./node_modules/core-js/modules/es.array.find.js","buildMeta":{"providedExports":true}},"./node_modules/core-js/modules/es.array.for-each.js":{"id":"./node_modules/core-js/modules/es.array.for-each.js","buildMeta":{"providedExports":true}},"./node_modules/core-js/modules/es.array.from.js":{"id":"./node_modules/core-js/modules/es.array.from.js","buildMeta":{"providedExports":true}},"./node_modules/core-js/modules/es.array.iterator.js":{"id":"./node_modules/core-js/modules/es.array.iterator.js","buildMeta":{"providedExports":true}},"./node_modules/core-js/modules/es.array.join.js":{"id":"./node_modules/core-js/modules/es.array.join.js","buildMeta":{"providedExports":true}},"./node_modules/core-js/modules/es.array.last-index-of.js":{"id":"./node_modules/core-js/modules/es.array.last-index-of.js","buildMeta":{"providedExports":true}},"./node_modules/core-js/modules/es.array.slice.js":{"id":"./node_modules/core-js/modules/es.array.slice.js","buildMeta":{"providedExports":true}},"./node_modules/core-js/modules/es.array.splice.js":{"id":"./node_modules/core-js/modules/es.array.splice.js","buildMeta":{"providedExports":true}},"./node_modules/core-js/modules/es.function.name.js":{"id":"./node_modules/core-js/modules/es.function.name.js","buildMeta":{"providedExports":true}},"./node_modules/core-js/modules/es.json.to-string-tag.js":{"id":"./node_modules/core-js/modules/es.json.to-string-tag.js","buildMeta":{"providedExports":true}},"./node_modules/core-js/modules/es.math.to-string-tag.js":{"id":"./node_modules/core-js/modules/es.math.to-string-tag.js","buildMeta":{"providedExports":true}},"./node_modules/core-js/modules/es.object.assign.js":{"id":"./node_modules/core-js/modules/es.object.assign.js","buildMeta":{"providedExports":true}},"./node_modules/core-js/modules/es.object.to-string.js":{"id":"./node_modules/core-js/modules/es.object.to-string.js","buildMeta":{"providedExports":true}},"./node_modules/core-js/modules/es.promise.js":{"id":"./node_modules/core-js/modules/es.promise.js","buildMeta":{"providedExports":true}},"./node_modules/core-js/modules/es.regexp.exec.js":{"id":"./node_modules/core-js/modules/es.regexp.exec.js","buildMeta":{"providedExports":true}},"./node_modules/core-js/modules/es.regexp.to-string.js":{"id":"./node_modules/core-js/modules/es.regexp.to-string.js","buildMeta":{"providedExports":true}},"./node_modules/core-js/modules/es.string.iterator.js":{"id":"./node_modules/core-js/modules/es.string.iterator.js","buildMeta":{"providedExports":true}},"./node_modules/core-js/modules/es.string.search.js":{"id":"./node_modules/core-js/modules/es.string.search.js","buildMeta":{"providedExports":true}},"./node_modules/core-js/modules/es.string.split.js":{"id":"./node_modules/core-js/modules/es.string.split.js","buildMeta":{"providedExports":true}},"./node_modules/core-js/modules/es.symbol.description.js":{"id":"./node_modules/core-js/modules/es.symbol.description.js","buildMeta":{"providedExports":true}},"./node_modules/core-js/modules/es.symbol.iterator.js":{"id":"./node_modules/core-js/modules/es.symbol.iterator.js","buildMeta":{"providedExports":true}},"./node_modules/core-js/modules/es.symbol.js":{"id":"./node_modules/core-js/modules/es.symbol.js","buildMeta":{"providedExports":true}},"./node_modules/core-js/modules/es.symbol.to-string-tag.js":{"id":"./node_modules/core-js/modules/es.symbol.to-string-tag.js","buildMeta":{"providedExports":true}},"./node_modules/core-js/modules/web.dom-collections.for-each.js":{"id":"./node_modules/core-js/modules/web.dom-collections.for-each.js","buildMeta":{"providedExports":true}},"./node_modules/core-js/modules/web.dom-collections.iterator.js":{"id":"./node_modules/core-js/modules/web.dom-collections.iterator.js","buildMeta":{"providedExports":true}},"./node_modules/core-js/modules/web.timers.js":{"id":"./node_modules/core-js/modules/web.timers.js","buildMeta":{"providedExports":true}},"./node_modules/css-loader/dist/cjs.js!./node_modules/vue-loader/lib/loaders/stylePostLoader.js!./node_modules/postcss-loader/src/index.js!./node_modules/less-loader/dist/cjs.js!./node_modules/thread-loader/dist/cjs.js!./node_modules/vue-loader/lib/index.js?!./hs-libs/framework/ui/Table1.vue?vue&type=style&index=0&id=53e8f5b0&lang=less&scoped=true&":{"id":"./node_modules/css-loader/dist/cjs.js!./node_modules/vue-loader/lib/loaders/stylePostLoader.js!./node_modules/postcss-loader/src/index.js!./node_modules/less-loader/dist/cjs.js!./node_modules/thread-loader/dist/cjs.js!./node_modules/vue-loader/lib/index.js?!./hs-libs/framework/ui/Table1.vue?vue&type=style&index=0&id=53e8f5b0&lang=less&scoped=true&","buildMeta":{"moduleConcatenationBailout":"module.id","providedExports":true}},"./node_modules/css-loader/dist/cjs.js!./node_modules/vue-loader/lib/loaders/stylePostLoader.js!./node_modules/postcss-loader/src/index.js!./node_modules/sass-loader/dist/cjs.js!./node_modules/thread-loader/dist/cjs.js!./node_modules/vue-loader/lib/index.js?!./hs-libs/components/ui/Checkbox.vue?vue&type=style&index=0&id=2be5151c&scoped=true&lang=css&":{"id":"./node_modules/css-loader/dist/cjs.js!./node_modules/vue-loader/lib/loaders/stylePostLoader.js!./node_modules/postcss-loader/src/index.js!./node_modules/sass-loader/dist/cjs.js!./node_modules/thread-loader/dist/cjs.js!./node_modules/vue-loader/lib/index.js?!./hs-libs/components/ui/Checkbox.vue?vue&type=style&index=0&id=2be5151c&scoped=true&lang=css&","buildMeta":{"moduleConcatenationBailout":"module.id","providedExports":true}},"./node_modules/css-loader/dist/cjs.js!./node_modules/vue-loader/lib/loaders/stylePostLoader.js!./node_modules/postcss-loader/src/index.js!./node_modules/sass-loader/dist/cjs.js!./node_modules/thread-loader/dist/cjs.js!./node_modules/vue-loader/lib/index.js?!./hs-libs/framework/ui/EditableTable.vue?vue&type=style&index=0&id=27bc6d4d&scoped=true&lang=css&":{"id":"./node_modules/css-loader/dist/cjs.js!./node_modules/vue-loader/lib/loaders/stylePostLoader.js!./node_modules/postcss-loader/src/index.js!./node_modules/sass-loader/dist/cjs.js!./node_modules/thread-loader/dist/cjs.js!./node_modules/vue-loader/lib/index.js?!./hs-libs/framework/ui/EditableTable.vue?vue&type=style&index=0&id=27bc6d4d&scoped=true&lang=css&","buildMeta":{"moduleConcatenationBailout":"module.id","providedExports":true}},"./node_modules/css-loader/dist/cjs.js!./node_modules/vue-loader/lib/loaders/stylePostLoader.js!./node_modules/postcss-loader/src/index.js!./node_modules/sass-loader/dist/cjs.js!./node_modules/thread-loader/dist/cjs.js!./node_modules/vue-loader/lib/index.js?!./hs-libs/framework/ui/Form.vue?vue&type=style&index=0&id=12c2a511&scoped=true&lang=css&":{"id":"./node_modules/css-loader/dist/cjs.js!./node_modules/vue-loader/lib/loaders/stylePostLoader.js!./node_modules/postcss-loader/src/index.js!./node_modules/sass-loader/dist/cjs.js!./node_modules/thread-loader/dist/cjs.js!./node_modules/vue-loader/lib/index.js?!./hs-libs/framework/ui/Form.vue?vue&type=style&index=0&id=12c2a511&scoped=true&lang=css&","buildMeta":{"moduleConcatenationBailout":"module.id","providedExports":true}},"./node_modules/css-loader/dist/cjs.js!./node_modules/vue-loader/lib/loaders/stylePostLoader.js!./node_modules/postcss-loader/src/index.js!./node_modules/sass-loader/dist/cjs.js!./node_modules/thread-loader/dist/cjs.js!./node_modules/vue-loader/lib/index.js?!./hs-libs/framework/ui/Import.vue?vue&type=style&index=0&id=2ed89a32&scoped=true&lang=css&":{"id":"./node_modules/css-loader/dist/cjs.js!./node_modules/vue-loader/lib/loaders/stylePostLoader.js!./node_modules/postcss-loader/src/index.js!./node_modules/sass-loader/dist/cjs.js!./node_modules/thread-loader/dist/cjs.js!./node_modules/vue-loader/lib/index.js?!./hs-libs/framework/ui/Import.vue?vue&type=style&index=0&id=2ed89a32&scoped=true&lang=css&","buildMeta":{"moduleConcatenationBailout":"module.id","providedExports":true}},"./node_modules/css-loader/dist/cjs.js!./node_modules/vue-loader/lib/loaders/stylePostLoader.js!./node_modules/postcss-loader/src/index.js!./node_modules/sass-loader/dist/cjs.js!./node_modules/thread-loader/dist/cjs.js!./node_modules/vue-loader/lib/index.js?!./hs-libs/framework/ui/Pager.vue?vue&type=style&index=0&lang=css&":{"id":"./node_modules/css-loader/dist/cjs.js!./node_modules/vue-loader/lib/loaders/stylePostLoader.js!./node_modules/postcss-loader/src/index.js!./node_modules/sass-loader/dist/cjs.js!./node_modules/thread-loader/dist/cjs.js!./node_modules/vue-loader/lib/index.js?!./hs-libs/framework/ui/Pager.vue?vue&type=style&index=0&lang=css&","buildMeta":{"moduleConcatenationBailout":"module.id","providedExports":true}},"./node_modules/css-loader/dist/cjs.js!./node_modules/vue-loader/lib/loaders/stylePostLoader.js!./node_modules/postcss-loader/src/index.js!./node_modules/sass-loader/dist/cjs.js!./node_modules/thread-loader/dist/cjs.js!./node_modules/vue-loader/lib/index.js?!./hs-libs/framework/ui/SearchForm.vue?vue&type=style&index=0&id=2c49eb19&scoped=true&lang=scss&":{"id":"./node_modules/css-loader/dist/cjs.js!./node_modules/vue-loader/lib/loaders/stylePostLoader.js!./node_modules/postcss-loader/src/index.js!./node_modules/sass-loader/dist/cjs.js!./node_modules/thread-loader/dist/cjs.js!./node_modules/vue-loader/lib/index.js?!./hs-libs/framework/ui/SearchForm.vue?vue&type=style&index=0&id=2c49eb19&scoped=true&lang=scss&","buildMeta":{"moduleConcatenationBailout":"module.id","providedExports":true}},"./node_modules/css-loader/dist/cjs.js!./node_modules/vue-loader/lib/loaders/stylePostLoader.js!./node_modules/postcss-loader/src/index.js!./node_modules/sass-loader/dist/cjs.js!./node_modules/thread-loader/dist/cjs.js!./node_modules/vue-loader/lib/index.js?!./hs-libs/framework/ui/TableX.vue?vue&type=style&index=0&id=560e8a57&scoped=true&lang=css&":{"id":"./node_modules/css-loader/dist/cjs.js!./node_modules/vue-loader/lib/loaders/stylePostLoader.js!./node_modules/postcss-loader/src/index.js!./node_modules/sass-loader/dist/cjs.js!./node_modules/thread-loader/dist/cjs.js!./node_modules/vue-loader/lib/index.js?!./hs-libs/framework/ui/TableX.vue?vue&type=style&index=0&id=560e8a57&scoped=true&lang=css&","buildMeta":{"moduleConcatenationBailout":"module.id","providedExports":true}},"./node_modules/css-loader/dist/runtime/api.js":{"id":"./node_modules/css-loader/dist/runtime/api.js","buildMeta":{"providedExports":true}},"./node_modules/css-loader/dist/runtime/getUrl.js":{"id":"./node_modules/css-loader/dist/runtime/getUrl.js","buildMeta":{"providedExports":true}},"./node_modules/jquery/dist/jquery.js":{"id":"./node_modules/jquery/dist/jquery.js","buildMeta":{"providedExports":true}},"./node_modules/regenerator-runtime/runtime.js":{"id":"./node_modules/regenerator-runtime/runtime.js","buildMeta":{"providedExports":true}},"./node_modules/style-loader/dist/cjs.js!./node_modules/css-loader/dist/cjs.js!./node_modules/vue-loader/lib/loaders/stylePostLoader.js!./node_modules/postcss-loader/src/index.js!./node_modules/less-loader/dist/cjs.js!./node_modules/thread-loader/dist/cjs.js!./node_modules/vue-loader/lib/index.js?!./hs-libs/framework/ui/Table1.vue?vue&type=style&index=0&id=53e8f5b0&lang=less&scoped=true&":{"id":"./node_modules/style-loader/dist/cjs.js!./node_modules/css-loader/dist/cjs.js!./node_modules/vue-loader/lib/loaders/stylePostLoader.js!./node_modules/postcss-loader/src/index.js!./node_modules/less-loader/dist/cjs.js!./node_modules/thread-loader/dist/cjs.js!./node_modules/vue-loader/lib/index.js?!./hs-libs/framework/ui/Table1.vue?vue&type=style&index=0&id=53e8f5b0&lang=less&scoped=true&","buildMeta":{"moduleConcatenationBailout":"module.id","providedExports":true}},"./node_modules/style-loader/dist/cjs.js!./node_modules/css-loader/dist/cjs.js!./node_modules/vue-loader/lib/loaders/stylePostLoader.js!./node_modules/postcss-loader/src/index.js!./node_modules/sass-loader/dist/cjs.js!./node_modules/thread-loader/dist/cjs.js!./node_modules/vue-loader/lib/index.js?!./hs-libs/components/ui/Checkbox.vue?vue&type=style&index=0&id=2be5151c&scoped=true&lang=css&":{"id":"./node_modules/style-loader/dist/cjs.js!./node_modules/css-loader/dist/cjs.js!./node_modules/vue-loader/lib/loaders/stylePostLoader.js!./node_modules/postcss-loader/src/index.js!./node_modules/sass-loader/dist/cjs.js!./node_modules/thread-loader/dist/cjs.js!./node_modules/vue-loader/lib/index.js?!./hs-libs/components/ui/Checkbox.vue?vue&type=style&index=0&id=2be5151c&scoped=true&lang=css&","buildMeta":{"moduleConcatenationBailout":"module.id","providedExports":true}},"./node_modules/style-loader/dist/cjs.js!./node_modules/css-loader/dist/cjs.js!./node_modules/vue-loader/lib/loaders/stylePostLoader.js!./node_modules/postcss-loader/src/index.js!./node_modules/sass-loader/dist/cjs.js!./node_modules/thread-loader/dist/cjs.js!./node_modules/vue-loader/lib/index.js?!./hs-libs/framework/ui/EditableTable.vue?vue&type=style&index=0&id=27bc6d4d&scoped=true&lang=css&":{"id":"./node_modules/style-loader/dist/cjs.js!./node_modules/css-loader/dist/cjs.js!./node_modules/vue-loader/lib/loaders/stylePostLoader.js!./node_modules/postcss-loader/src/index.js!./node_modules/sass-loader/dist/cjs.js!./node_modules/thread-loader/dist/cjs.js!./node_modules/vue-loader/lib/index.js?!./hs-libs/framework/ui/EditableTable.vue?vue&type=style&index=0&id=27bc6d4d&scoped=true&lang=css&","buildMeta":{"moduleConcatenationBailout":"module.id","providedExports":true}},"./node_modules/style-loader/dist/cjs.js!./node_modules/css-loader/dist/cjs.js!./node_modules/vue-loader/lib/loaders/stylePostLoader.js!./node_modules/postcss-loader/src/index.js!./node_modules/sass-loader/dist/cjs.js!./node_modules/thread-loader/dist/cjs.js!./node_modules/vue-loader/lib/index.js?!./hs-libs/framework/ui/Form.vue?vue&type=style&index=0&id=12c2a511&scoped=true&lang=css&":{"id":"./node_modules/style-loader/dist/cjs.js!./node_modules/css-loader/dist/cjs.js!./node_modules/vue-loader/lib/loaders/stylePostLoader.js!./node_modules/postcss-loader/src/index.js!./node_modules/sass-loader/dist/cjs.js!./node_modules/thread-loader/dist/cjs.js!./node_modules/vue-loader/lib/index.js?!./hs-libs/framework/ui/Form.vue?vue&type=style&index=0&id=12c2a511&scoped=true&lang=css&","buildMeta":{"moduleConcatenationBailout":"module.id","providedExports":true}},"./node_modules/style-loader/dist/cjs.js!./node_modules/css-loader/dist/cjs.js!./node_modules/vue-loader/lib/loaders/stylePostLoader.js!./node_modules/postcss-loader/src/index.js!./node_modules/sass-loader/dist/cjs.js!./node_modules/thread-loader/dist/cjs.js!./node_modules/vue-loader/lib/index.js?!./hs-libs/framework/ui/Import.vue?vue&type=style&index=0&id=2ed89a32&scoped=true&lang=css&":{"id":"./node_modules/style-loader/dist/cjs.js!./node_modules/css-loader/dist/cjs.js!./node_modules/vue-loader/lib/loaders/stylePostLoader.js!./node_modules/postcss-loader/src/index.js!./node_modules/sass-loader/dist/cjs.js!./node_modules/thread-loader/dist/cjs.js!./node_modules/vue-loader/lib/index.js?!./hs-libs/framework/ui/Import.vue?vue&type=style&index=0&id=2ed89a32&scoped=true&lang=css&","buildMeta":{"moduleConcatenationBailout":"module.id","providedExports":true}},"./node_modules/style-loader/dist/cjs.js!./node_modules/css-loader/dist/cjs.js!./node_modules/vue-loader/lib/loaders/stylePostLoader.js!./node_modules/postcss-loader/src/index.js!./node_modules/sass-loader/dist/cjs.js!./node_modules/thread-loader/dist/cjs.js!./node_modules/vue-loader/lib/index.js?!./hs-libs/framework/ui/Pager.vue?vue&type=style&index=0&lang=css&":{"id":"./node_modules/style-loader/dist/cjs.js!./node_modules/css-loader/dist/cjs.js!./node_modules/vue-loader/lib/loaders/stylePostLoader.js!./node_modules/postcss-loader/src/index.js!./node_modules/sass-loader/dist/cjs.js!./node_modules/thread-loader/dist/cjs.js!./node_modules/vue-loader/lib/index.js?!./hs-libs/framework/ui/Pager.vue?vue&type=style&index=0&lang=css&","buildMeta":{"moduleConcatenationBailout":"module.id","providedExports":true}},"./node_modules/style-loader/dist/cjs.js!./node_modules/css-loader/dist/cjs.js!./node_modules/vue-loader/lib/loaders/stylePostLoader.js!./node_modules/postcss-loader/src/index.js!./node_modules/sass-loader/dist/cjs.js!./node_modules/thread-loader/dist/cjs.js!./node_modules/vue-loader/lib/index.js?!./hs-libs/framework/ui/SearchForm.vue?vue&type=style&index=0&id=2c49eb19&scoped=true&lang=scss&":{"id":"./node_modules/style-loader/dist/cjs.js!./node_modules/css-loader/dist/cjs.js!./node_modules/vue-loader/lib/loaders/stylePostLoader.js!./node_modules/postcss-loader/src/index.js!./node_modules/sass-loader/dist/cjs.js!./node_modules/thread-loader/dist/cjs.js!./node_modules/vue-loader/lib/index.js?!./hs-libs/framework/ui/SearchForm.vue?vue&type=style&index=0&id=2c49eb19&scoped=true&lang=scss&","buildMeta":{"moduleConcatenationBailout":"module.id","providedExports":true}},"./node_modules/style-loader/dist/cjs.js!./node_modules/css-loader/dist/cjs.js!./node_modules/vue-loader/lib/loaders/stylePostLoader.js!./node_modules/postcss-loader/src/index.js!./node_modules/sass-loader/dist/cjs.js!./node_modules/thread-loader/dist/cjs.js!./node_modules/vue-loader/lib/index.js?!./hs-libs/framework/ui/TableX.vue?vue&type=style&index=0&id=560e8a57&scoped=true&lang=css&":{"id":"./node_modules/style-loader/dist/cjs.js!./node_modules/css-loader/dist/cjs.js!./node_modules/vue-loader/lib/loaders/stylePostLoader.js!./node_modules/postcss-loader/src/index.js!./node_modules/sass-loader/dist/cjs.js!./node_modules/thread-loader/dist/cjs.js!./node_modules/vue-loader/lib/index.js?!./hs-libs/framework/ui/TableX.vue?vue&type=style&index=0&id=560e8a57&scoped=true&lang=css&","buildMeta":{"moduleConcatenationBailout":"module.id","providedExports":true}},"./node_modules/style-loader/dist/runtime/injectStylesIntoStyleTag.js":{"id":"./node_modules/style-loader/dist/runtime/injectStylesIntoStyleTag.js","buildMeta":{"providedExports":true}},"./node_modules/thread-loader/dist/cjs.js!./node_modules/babel-loader/lib/index.js?!./node_modules/vue-loader/lib/index.js?!./hs-libs/components/ui/Checkbox.vue?vue&type=script&lang=js&":{"id":"./node_modules/thread-loader/dist/cjs.js!./node_modules/babel-loader/lib/index.js?!./node_modules/vue-loader/lib/index.js?!./hs-libs/components/ui/Checkbox.vue?vue&type=script&lang=js&","buildMeta":{"exportsType":"namespace","providedExports":["default"]}},"./node_modules/thread-loader/dist/cjs.js!./node_modules/babel-loader/lib/index.js?!./node_modules/vue-loader/lib/index.js?!./hs-libs/framework/ui/EditableTable.vue?vue&type=script&lang=js&":{"id":"./node_modules/thread-loader/dist/cjs.js!./node_modules/babel-loader/lib/index.js?!./node_modules/vue-loader/lib/index.js?!./hs-libs/framework/ui/EditableTable.vue?vue&type=script&lang=js&","buildMeta":{"exportsType":"namespace","providedExports":["default"]}},"./node_modules/thread-loader/dist/cjs.js!./node_modules/babel-loader/lib/index.js?!./node_modules/vue-loader/lib/index.js?!./hs-libs/framework/ui/Form.vue?vue&type=script&lang=js&":{"id":"./node_modules/thread-loader/dist/cjs.js!./node_modules/babel-loader/lib/index.js?!./node_modules/vue-loader/lib/index.js?!./hs-libs/framework/ui/Form.vue?vue&type=script&lang=js&","buildMeta":{"exportsType":"namespace","providedExports":["default"]}},"./node_modules/thread-loader/dist/cjs.js!./node_modules/babel-loader/lib/index.js?!./node_modules/vue-loader/lib/index.js?!./hs-libs/framework/ui/Import.vue?vue&type=script&lang=js&":{"id":"./node_modules/thread-loader/dist/cjs.js!./node_modules/babel-loader/lib/index.js?!./node_modules/vue-loader/lib/index.js?!./hs-libs/framework/ui/Import.vue?vue&type=script&lang=js&","buildMeta":{"exportsType":"namespace","providedExports":["default"]}},"./node_modules/thread-loader/dist/cjs.js!./node_modules/babel-loader/lib/index.js?!./node_modules/vue-loader/lib/index.js?!./hs-libs/framework/ui/PageTable.vue?vue&type=script&lang=js&":{"id":"./node_modules/thread-loader/dist/cjs.js!./node_modules/babel-loader/lib/index.js?!./node_modules/vue-loader/lib/index.js?!./hs-libs/framework/ui/PageTable.vue?vue&type=script&lang=js&","buildMeta":{"exportsType":"namespace","providedExports":["default"]}},"./node_modules/thread-loader/dist/cjs.js!./node_modules/babel-loader/lib/index.js?!./node_modules/vue-loader/lib/index.js?!./hs-libs/framework/ui/Pager.vue?vue&type=script&lang=js&":{"id":"./node_modules/thread-loader/dist/cjs.js!./node_modules/babel-loader/lib/index.js?!./node_modules/vue-loader/lib/index.js?!./hs-libs/framework/ui/Pager.vue?vue&type=script&lang=js&","buildMeta":{"exportsType":"namespace","providedExports":["default"]}},"./node_modules/thread-loader/dist/cjs.js!./node_modules/babel-loader/lib/index.js?!./node_modules/vue-loader/lib/index.js?!./hs-libs/framework/ui/SearchForm.vue?vue&type=script&lang=js&":{"id":"./node_modules/thread-loader/dist/cjs.js!./node_modules/babel-loader/lib/index.js?!./node_modules/vue-loader/lib/index.js?!./hs-libs/framework/ui/SearchForm.vue?vue&type=script&lang=js&","buildMeta":{"exportsType":"namespace","providedExports":["default"]}},"./node_modules/thread-loader/dist/cjs.js!./node_modules/babel-loader/lib/index.js?!./node_modules/vue-loader/lib/index.js?!./hs-libs/framework/ui/Table1.vue?vue&type=script&lang=js&":{"id":"./node_modules/thread-loader/dist/cjs.js!./node_modules/babel-loader/lib/index.js?!./node_modules/vue-loader/lib/index.js?!./hs-libs/framework/ui/Table1.vue?vue&type=script&lang=js&","buildMeta":{"exportsType":"namespace","providedExports":["default"]}},"./node_modules/thread-loader/dist/cjs.js!./node_modules/babel-loader/lib/index.js?!./node_modules/vue-loader/lib/index.js?!./hs-libs/framework/ui/TableX.vue?vue&type=script&lang=js&":{"id":"./node_modules/thread-loader/dist/cjs.js!./node_modules/babel-loader/lib/index.js?!./node_modules/vue-loader/lib/index.js?!./hs-libs/framework/ui/TableX.vue?vue&type=script&lang=js&","buildMeta":{"exportsType":"namespace","providedExports":["default"]}},"./node_modules/thread-loader/dist/cjs.js!./node_modules/babel-loader/lib/index.js?!./node_modules/vue-loader/lib/index.js?!./hs-libs/framework/ui/loader/index.vue?vue&type=script&lang=js&":{"id":"./node_modules/thread-loader/dist/cjs.js!./node_modules/babel-loader/lib/index.js?!./node_modules/vue-loader/lib/index.js?!./hs-libs/framework/ui/loader/index.vue?vue&type=script&lang=js&","buildMeta":{"exportsType":"namespace","providedExports":["default"]}},"./node_modules/vee-validate/dist/vee-validate.esm.js":{"id":"./node_modules/vee-validate/dist/vee-validate.esm.js","buildMeta":{"exportsType":"namespace","providedExports":["default","ErrorBag","Rules","ValidationObserver","ValidationProvider","Validator","directive","install","mapFields","mixin","version","withValidation"]}},"./node_modules/vue-i18n/dist/vue-i18n.esm.js":{"id":"./node_modules/vue-i18n/dist/vue-i18n.esm.js","buildMeta":{"exportsType":"namespace","providedExports":["default"]}},"./node_modules/vue-loader/lib/loaders/templateLoader.js?!./node_modules/thread-loader/dist/cjs.js!./node_modules/vue-loader/lib/index.js?!./hs-libs/components/ui/Checkbox.vue?vue&type=template&id=2be5151c&scoped=true&":{"id":"./node_modules/vue-loader/lib/loaders/templateLoader.js?!./node_modules/thread-loader/dist/cjs.js!./node_modules/vue-loader/lib/index.js?!./hs-libs/components/ui/Checkbox.vue?vue&type=template&id=2be5151c&scoped=true&","buildMeta":{"exportsType":"namespace","providedExports":["render","staticRenderFns"]}},"./node_modules/vue-loader/lib/loaders/templateLoader.js?!./node_modules/thread-loader/dist/cjs.js!./node_modules/vue-loader/lib/index.js?!./hs-libs/framework/ui/EditableTable.vue?vue&type=template&id=27bc6d4d&scoped=true&":{"id":"./node_modules/vue-loader/lib/loaders/templateLoader.js?!./node_modules/thread-loader/dist/cjs.js!./node_modules/vue-loader/lib/index.js?!./hs-libs/framework/ui/EditableTable.vue?vue&type=template&id=27bc6d4d&scoped=true&","buildMeta":{"exportsType":"namespace","providedExports":["render","staticRenderFns"]}},"./node_modules/vue-loader/lib/loaders/templateLoader.js?!./node_modules/thread-loader/dist/cjs.js!./node_modules/vue-loader/lib/index.js?!./hs-libs/framework/ui/Form.vue?vue&type=template&id=12c2a511&scoped=true&":{"id":"./node_modules/vue-loader/lib/loaders/templateLoader.js?!./node_modules/thread-loader/dist/cjs.js!./node_modules/vue-loader/lib/index.js?!./hs-libs/framework/ui/Form.vue?vue&type=template&id=12c2a511&scoped=true&","buildMeta":{"exportsType":"namespace","providedExports":["render","staticRenderFns"]}},"./node_modules/vue-loader/lib/loaders/templateLoader.js?!./node_modules/thread-loader/dist/cjs.js!./node_modules/vue-loader/lib/index.js?!./hs-libs/framework/ui/Import.vue?vue&type=template&id=2ed89a32&scoped=true&":{"id":"./node_modules/vue-loader/lib/loaders/templateLoader.js?!./node_modules/thread-loader/dist/cjs.js!./node_modules/vue-loader/lib/index.js?!./hs-libs/framework/ui/Import.vue?vue&type=template&id=2ed89a32&scoped=true&","buildMeta":{"exportsType":"namespace","providedExports":["render","staticRenderFns"]}},"./node_modules/vue-loader/lib/loaders/templateLoader.js?!./node_modules/thread-loader/dist/cjs.js!./node_modules/vue-loader/lib/index.js?!./hs-libs/framework/ui/PageTable.vue?vue&type=template&id=fccfb1fc&":{"id":"./node_modules/vue-loader/lib/loaders/templateLoader.js?!./node_modules/thread-loader/dist/cjs.js!./node_modules/vue-loader/lib/index.js?!./hs-libs/framework/ui/PageTable.vue?vue&type=template&id=fccfb1fc&","buildMeta":{"exportsType":"namespace","providedExports":["render","staticRenderFns"]}},"./node_modules/vue-loader/lib/loaders/templateLoader.js?!./node_modules/thread-loader/dist/cjs.js!./node_modules/vue-loader/lib/index.js?!./hs-libs/framework/ui/Pager.vue?vue&type=template&id=120017c6&":{"id":"./node_modules/vue-loader/lib/loaders/templateLoader.js?!./node_modules/thread-loader/dist/cjs.js!./node_modules/vue-loader/lib/index.js?!./hs-libs/framework/ui/Pager.vue?vue&type=template&id=120017c6&","buildMeta":{"exportsType":"namespace","providedExports":["render","staticRenderFns"]}},"./node_modules/vue-loader/lib/loaders/templateLoader.js?!./node_modules/thread-loader/dist/cjs.js!./node_modules/vue-loader/lib/index.js?!./hs-libs/framework/ui/SearchForm.vue?vue&type=template&id=2c49eb19&scoped=true&":{"id":"./node_modules/vue-loader/lib/loaders/templateLoader.js?!./node_modules/thread-loader/dist/cjs.js!./node_modules/vue-loader/lib/index.js?!./hs-libs/framework/ui/SearchForm.vue?vue&type=template&id=2c49eb19&scoped=true&","buildMeta":{"exportsType":"namespace","providedExports":["render","staticRenderFns"]}},"./node_modules/vue-loader/lib/loaders/templateLoader.js?!./node_modules/thread-loader/dist/cjs.js!./node_modules/vue-loader/lib/index.js?!./hs-libs/framework/ui/Table1.vue?vue&type=template&id=53e8f5b0&scoped=true&":{"id":"./node_modules/vue-loader/lib/loaders/templateLoader.js?!./node_modules/thread-loader/dist/cjs.js!./node_modules/vue-loader/lib/index.js?!./hs-libs/framework/ui/Table1.vue?vue&type=template&id=53e8f5b0&scoped=true&","buildMeta":{"exportsType":"namespace","providedExports":["render","staticRenderFns"]}},"./node_modules/vue-loader/lib/loaders/templateLoader.js?!./node_modules/thread-loader/dist/cjs.js!./node_modules/vue-loader/lib/index.js?!./hs-libs/framework/ui/TableX.vue?vue&type=template&id=560e8a57&scoped=true&":{"id":"./node_modules/vue-loader/lib/loaders/templateLoader.js?!./node_modules/thread-loader/dist/cjs.js!./node_modules/vue-loader/lib/index.js?!./hs-libs/framework/ui/TableX.vue?vue&type=template&id=560e8a57&scoped=true&","buildMeta":{"exportsType":"namespace","providedExports":["render","staticRenderFns"]}},"./node_modules/vue-loader/lib/loaders/templateLoader.js?!./node_modules/thread-loader/dist/cjs.js!./node_modules/vue-loader/lib/index.js?!./hs-libs/framework/ui/loader/index.vue?vue&type=template&id=167a7a03&":{"id":"./node_modules/vue-loader/lib/loaders/templateLoader.js?!./node_modules/thread-loader/dist/cjs.js!./node_modules/vue-loader/lib/index.js?!./hs-libs/framework/ui/loader/index.vue?vue&type=template&id=167a7a03&","buildMeta":{"exportsType":"namespace","providedExports":["render","staticRenderFns"]}},"./node_modules/vue-loader/lib/runtime/componentNormalizer.js":{"id":"./node_modules/vue-loader/lib/runtime/componentNormalizer.js","buildMeta":{"exportsType":"namespace","providedExports":["default"]}},"./node_modules/vue/dist/vue.esm.js":{"id":"./node_modules/vue/dist/vue.esm.js","buildMeta":{"exportsType":"namespace","providedExports":["default"]}},"dll-reference vendor":{"id":"dll-reference vendor","buildMeta":{"providedExports":true}}}}