<?xml version="1.0" encoding="UTF-8"?>
<!DOCTYPE mapper PUBLIC "-//mybatis.org//DTD Mapper 3.0//EN" "http://mybatis.org/dtd/mybatis-3-mapper.dtd">

<!-- 参数管理手工映射SQL语句 -->
<mapper namespace="showroomType">
	<sql id="sql_where">
		<if test="''!=name and null!=name">
			and a.name LIKE concat('%',#{name},'%')
		</if>
		<if test="''!=id and null!=id">
			and a.id=#{id}
		</if>
	</sql>

	<!-- 查询 -->
	<select id="queryList" parameterType="map" resultType="dto">
		SELECT
		a.*
		FROM
		m_showroom_type a
		WHERE 1 = 1
		<include refid="sql_where" />
		order by a.id desc
		<if test="null!=start">
			limit ${start},${end}
		</if>
	</select>

	<select id="queryListCount" parameterType="map" resultType="dto">
		SELECT count(1) as total FROM m_showroom_type a WHERE 1=1
		<include refid="sql_where" />
	</select>

	<!-- 查询单个商品详情信息 -->
	<select id="getInfo" parameterType="map" resultType="dto">
		SELECT
		a.*
		FROM
		m_showroom_type a
		WHERE
		1 = 1
		<include refid="sql_where" />
	</select>

	<!-- 插入 -->
	<insert id="saveInfo" parameterType="dto" useGeneratedKeys="true" keyProperty="id">
		insert into m_showroom_type
		(
		<if test="''!=name and null!=name">
			name,
		</if>
		<if test="''!=pic and null!=pic">
			pic,
		</if>
		create_time,
		creator,
		is_delete
		)
		values (
		<if test="''!=name and null!=name">
			#{name},
		</if>
		<if test="''!=pic and null!=pic">
			#{pic},
		</if>
		now(),
		#{creator},
		'N'
		)
	</insert>

	<!-- 删除 -->
	<delete id="deleteInfo" parameterType="dto">
		delete from m_showroom_type  WHERE id = #{id}
	</delete>

	<!-- 修改 -->
	<update id="updateInfo" parameterType="dto">
		update m_showroom_type a
		set
		<if test="''!=name and null!=name">
			a.name=#{name},
		</if>
		<if test="''!=pic and null!=pic">
			a.pic=#{pic},
		</if>
		a.update_time=now()
		where id = #{id}
	</update>
</mapper>