{"name":"framework","content":{"dll-reference vendor":{"id":0,"buildMeta":{"providedExports":true}},"./node_modules/vue-loader/lib/runtime/componentNormalizer.js":{"id":1,"buildMeta":{"exportsType":"namespace","providedExports":["default"]}},"./hs-libs/components/msg.js":{"id":2,"buildMeta":{"exportsType":"namespace","providedExports":["default","setLocale"]}},"./node_modules/vue/dist/vue.esm.js":{"id":3,"buildMeta":{"exportsType":"namespace","providedExports":["default"]}},"./node_modules/@babel/runtime/regenerator/index.js":{"id":4,"buildMeta":{"providedExports":true}},"./hs-libs/components/progress.js":{"id":5,"buildMeta":{"exportsType":"namespace","providedExports":["default"]}},"./node_modules/core-js/modules/es.function.name.js":{"id":6,"buildMeta":{"providedExports":true}},"./hs-libs/components/ajax.js":{"id":7,"buildMeta":{"exportsType":"namespace","providedExports":["default"]}},"./node_modules/jquery/dist/jquery.js":{"id":8,"buildMeta":{"providedExports":true}},"./node_modules/core-js/modules/es.object.to-string.js":{"id":9,"buildMeta":{"providedExports":true}},"./node_modules/core-js/internals/export.js":{"id":10,"buildMeta":{"providedExports":true}},"./node_modules/@babel/runtime/helpers/asyncToGenerator.js":{"id":11,"buildMeta":{"providedExports":true}},"./hs-libs/framework/meta/meta.js":{"id":12,"buildMeta":{"exportsType":"namespace","providedExports":["default"]}},"./hs-libs/framework/user.js":{"id":13,"buildMeta":{"exportsType":"namespace","providedExports":["user","auths"]}},"./hs-libs/framework/editors.js":{"id":14,"buildMeta":{"exportsType":"namespace","providedExports":["default"]}},"./node_modules/style-loader/dist/runtime/injectStylesIntoStyleTag.js":{"id":15,"buildMeta":{"providedExports":true}},"./node_modules/css-loader/dist/runtime/api.js":{"id":16,"buildMeta":{"providedExports":true}},"./node_modules/core-js/modules/es.array.iterator.js":{"id":17,"buildMeta":{"providedExports":true}},"./node_modules/core-js/modules/es.symbol.js":{"id":18,"buildMeta":{"providedExports":true}},"./node_modules/core-js/modules/es.symbol.description.js":{"id":19,"buildMeta":{"providedExports":true}},"./node_modules/core-js/modules/es.symbol.iterator.js":{"id":20,"buildMeta":{"providedExports":true}},"./node_modules/core-js/modules/es.array.from.js":{"id":21,"buildMeta":{"providedExports":true}},"./node_modules/core-js/modules/es.array.slice.js":{"id":22,"buildMeta":{"providedExports":true}},"./node_modules/core-js/modules/es.regexp.to-string.js":{"id":23,"buildMeta":{"providedExports":true}},"./node_modules/core-js/modules/es.string.iterator.js":{"id":24,"buildMeta":{"providedExports":true}},"./node_modules/core-js/modules/web.dom-collections.iterator.js":{"id":25,"buildMeta":{"providedExports":true}},"./hs-libs/framework/views.js":{"id":26,"buildMeta":{"exportsType":"namespace","providedExports":["default"]}},"./hs-libs/framework/ui/Table1.vue":{"id":27,"buildMeta":{"exportsType":"namespace","providedExports":["default"]}},"./node_modules/core-js/modules/es.object.assign.js":{"id":28,"buildMeta":{"providedExports":true}},"./node_modules/core-js/internals/to-indexed-object.js":{"id":29,"buildMeta":{"providedExports":true}},"./node_modules/core-js/internals/well-known-symbol.js":{"id":30,"buildMeta":{"providedExports":true}},"./hs-libs/framework/meta/index.js":{"id":31,"buildMeta":{"exportsType":"namespace","providedExports":["default","Datas"]}},"./node_modules/@babel/runtime/helpers/typeof.js":{"id":32,"buildMeta":{"providedExports":true}},"./node_modules/@babel/runtime/helpers/classCallCheck.js":{"id":33,"buildMeta":{"providedExports":true}},"./node_modules/@babel/runtime/helpers/defineProperty.js":{"id":34,"buildMeta":{"providedExports":true}},"./node_modules/core-js/modules/es.array.concat.js":{"id":35,"buildMeta":{"providedExports":true}},"./node_modules/core-js/modules/es.regexp.exec.js":{"id":36,"buildMeta":{"providedExports":true}},"./hs-libs/framework/dict.js":{"id":37,"buildMeta":{"exportsType":"namespace","providedExports":["default"]}},"./hs-libs/components/locale/index.js":{"id":38,"buildMeta":{"exportsType":"namespace","providedExports":["default","i18n"]}},"./node_modules/core-js/internals/fails.js":{"id":39,"buildMeta":{"providedExports":true}},"./node_modules/core-js/internals/array-method-uses-to-length.js":{"id":40,"buildMeta":{"providedExports":true}},"./node_modules/core-js/internals/to-object.js":{"id":41,"buildMeta":{"providedExports":true}},"./node_modules/core-js/modules/es.promise.js":{"id":42,"buildMeta":{"providedExports":true}},"./node_modules/core-js/internals/global.js":{"id":43,"buildMeta":{"providedExports":true}},"./node_modules/core-js/internals/has.js":{"id":44,"buildMeta":{"providedExports":true}},"./node_modules/core-js/internals/create-non-enumerable-property.js":{"id":45,"buildMeta":{"providedExports":true}},"./node_modules/core-js/internals/set-to-string-tag.js":{"id":46,"buildMeta":{"providedExports":true}},"./node_modules/core-js/internals/to-length.js":{"id":47,"buildMeta":{"providedExports":true}},"./hs-libs/components/script.js":{"id":48,"buildMeta":{"exportsType":"namespace","providedExports":["default"]}},"./hs-libs/framework/ui/TableX.vue":{"id":49,"buildMeta":{"exportsType":"namespace","providedExports":["default"]}},"./hs-libs/components/events.js":{"id":50,"buildMeta":{"exportsType":"namespace","providedExports":["default","setOrigin","send","send2"]}},"./hs-libs/components/ui/index.js":{"id":51,"buildMeta":{"exportsType":"namespace","providedExports":["default","Checkbox","ChgLocale","Date","Radiobox","Select2","Tree","FileUpload"]}},"./node_modules/core-js/internals/descriptors.js":{"id":52,"buildMeta":{"providedExports":true}},"./node_modules/core-js/internals/object-define-property.js":{"id":53,"buildMeta":{"providedExports":true}},"./hs-libs/components/ui/Checkbox.vue":{"id":54,"buildMeta":{"exportsType":"namespace","providedExports":["default"]}},"./node_modules/regenerator-runtime/runtime.js":{"id":55,"buildMeta":{"providedExports":true}},"./hs-libs/framework/ui/EditableTable.vue?vue&type=script&lang=js&":{"id":56,"buildMeta":{"exportsType":"namespace","providedExports":["default"]}},"./node_modules/thread-loader/dist/cjs.js!./node_modules/babel-loader/lib/index.js?!./node_modules/vue-loader/lib/index.js?!./hs-libs/framework/ui/EditableTable.vue?vue&type=script&lang=js&":{"id":57,"buildMeta":{"exportsType":"namespace","providedExports":["default"]}},"./hs-libs/components/ui/Checkbox.vue?vue&type=script&lang=js&":{"id":58,"buildMeta":{"exportsType":"namespace","providedExports":["default"]}},"./node_modules/thread-loader/dist/cjs.js!./node_modules/babel-loader/lib/index.js?!./node_modules/vue-loader/lib/index.js?!./hs-libs/components/ui/Checkbox.vue?vue&type=script&lang=js&":{"id":59,"buildMeta":{"exportsType":"namespace","providedExports":["default"]}},"./node_modules/style-loader/dist/cjs.js!./node_modules/css-loader/dist/cjs.js!./node_modules/vue-loader/lib/loaders/stylePostLoader.js!./node_modules/postcss-loader/src/index.js!./node_modules/sass-loader/dist/cjs.js!./node_modules/thread-loader/dist/cjs.js!./node_modules/vue-loader/lib/index.js?!./hs-libs/components/ui/Checkbox.vue?vue&type=style&index=0&id=2be5151c&scoped=true&lang=css&":{"id":60,"buildMeta":{"moduleConcatenationBailout":"module.id","providedExports":true}},"./node_modules/style-loader/dist/cjs.js!./node_modules/css-loader/dist/cjs.js!./node_modules/vue-loader/lib/loaders/stylePostLoader.js!./node_modules/postcss-loader/src/index.js!./node_modules/sass-loader/dist/cjs.js!./node_modules/thread-loader/dist/cjs.js!./node_modules/vue-loader/lib/index.js?!./hs-libs/framework/ui/EditableTable.vue?vue&type=style&index=0&id=27bc6d4d&scoped=true&lang=css&":{"id":61,"buildMeta":{"moduleConcatenationBailout":"module.id","providedExports":true}},"./hs-libs/framework/ui/Form.vue?vue&type=script&lang=js&":{"id":62,"buildMeta":{"exportsType":"namespace","providedExports":["default"]}},"./node_modules/thread-loader/dist/cjs.js!./node_modules/babel-loader/lib/index.js?!./node_modules/vue-loader/lib/index.js?!./hs-libs/framework/ui/Form.vue?vue&type=script&lang=js&":{"id":63,"buildMeta":{"exportsType":"namespace","providedExports":["default"]}},"./node_modules/style-loader/dist/cjs.js!./node_modules/css-loader/dist/cjs.js!./node_modules/vue-loader/lib/loaders/stylePostLoader.js!./node_modules/postcss-loader/src/index.js!./node_modules/sass-loader/dist/cjs.js!./node_modules/thread-loader/dist/cjs.js!./node_modules/vue-loader/lib/index.js?!./hs-libs/framework/ui/Form.vue?vue&type=style&index=0&id=12c2a511&scoped=true&lang=css&":{"id":64,"buildMeta":{"moduleConcatenationBailout":"module.id","providedExports":true}},"./hs-libs/framework/ui/Import.vue?vue&type=script&lang=js&":{"id":65,"buildMeta":{"exportsType":"namespace","providedExports":["default"]}},"./node_modules/thread-loader/dist/cjs.js!./node_modules/babel-loader/lib/index.js?!./node_modules/vue-loader/lib/index.js?!./hs-libs/framework/ui/Import.vue?vue&type=script&lang=js&":{"id":66,"buildMeta":{"exportsType":"namespace","providedExports":["default"]}},"./node_modules/style-loader/dist/cjs.js!./node_modules/css-loader/dist/cjs.js!./node_modules/vue-loader/lib/loaders/stylePostLoader.js!./node_modules/postcss-loader/src/index.js!./node_modules/sass-loader/dist/cjs.js!./node_modules/thread-loader/dist/cjs.js!./node_modules/vue-loader/lib/index.js?!./hs-libs/framework/ui/Import.vue?vue&type=style&index=0&id=2ed89a32&scoped=true&lang=css&":{"id":67,"buildMeta":{"moduleConcatenationBailout":"module.id","providedExports":true}},"./node_modules/@intlify/vue-i18n-loader/lib/index.js!./node_modules/yaml-loader/index.js!./node_modules/thread-loader/dist/cjs.js!./node_modules/vue-loader/lib/index.js?!./hs-libs/framework/ui/Import.vue?vue&type=custom&index=0&blockType=i18n-yaml":{"id":68,"buildMeta":{"providedExports":true}},"./hs-libs/framework/ui/Pager.vue?vue&type=script&lang=js&":{"id":69,"buildMeta":{"exportsType":"namespace","providedExports":["default"]}},"./node_modules/thread-loader/dist/cjs.js!./node_modules/babel-loader/lib/index.js?!./node_modules/vue-loader/lib/index.js?!./hs-libs/framework/ui/Pager.vue?vue&type=script&lang=js&":{"id":70,"buildMeta":{"exportsType":"namespace","providedExports":["default"]}},"./node_modules/style-loader/dist/cjs.js!./node_modules/css-loader/dist/cjs.js!./node_modules/vue-loader/lib/loaders/stylePostLoader.js!./node_modules/postcss-loader/src/index.js!./node_modules/sass-loader/dist/cjs.js!./node_modules/thread-loader/dist/cjs.js!./node_modules/vue-loader/lib/index.js?!./hs-libs/framework/ui/Pager.vue?vue&type=style&index=0&lang=css&":{"id":71,"buildMeta":{"moduleConcatenationBailout":"module.id","providedExports":true}},"./node_modules/@intlify/vue-i18n-loader/lib/index.js!./node_modules/yaml-loader/index.js!./node_modules/thread-loader/dist/cjs.js!./node_modules/vue-loader/lib/index.js?!./hs-libs/framework/ui/Pager.vue?vue&type=custom&index=0&blockType=i18n-yaml":{"id":72,"buildMeta":{"providedExports":true}},"./hs-libs/framework/ui/PageTable.vue?vue&type=script&lang=js&":{"id":73,"buildMeta":{"exportsType":"namespace","providedExports":["default"]}},"./node_modules/thread-loader/dist/cjs.js!./node_modules/babel-loader/lib/index.js?!./node_modules/vue-loader/lib/index.js?!./hs-libs/framework/ui/PageTable.vue?vue&type=script&lang=js&":{"id":74,"buildMeta":{"exportsType":"namespace","providedExports":["default"]}},"./node_modules/@intlify/vue-i18n-loader/lib/index.js!./node_modules/yaml-loader/index.js!./node_modules/thread-loader/dist/cjs.js!./node_modules/vue-loader/lib/index.js?!./hs-libs/framework/ui/PageTable.vue?vue&type=custom&index=0&blockType=i18n":{"id":75,"buildMeta":{"providedExports":true}},"./hs-libs/framework/ui/SearchForm.vue?vue&type=script&lang=js&":{"id":76,"buildMeta":{"exportsType":"namespace","providedExports":["default"]}},"./node_modules/thread-loader/dist/cjs.js!./node_modules/babel-loader/lib/index.js?!./node_modules/vue-loader/lib/index.js?!./hs-libs/framework/ui/SearchForm.vue?vue&type=script&lang=js&":{"id":77,"buildMeta":{"exportsType":"namespace","providedExports":["default"]}},"./node_modules/style-loader/dist/cjs.js!./node_modules/css-loader/dist/cjs.js!./node_modules/vue-loader/lib/loaders/stylePostLoader.js!./node_modules/postcss-loader/src/index.js!./node_modules/sass-loader/dist/cjs.js!./node_modules/thread-loader/dist/cjs.js!./node_modules/vue-loader/lib/index.js?!./hs-libs/framework/ui/SearchForm.vue?vue&type=style&index=0&id=2c49eb19&scoped=true&lang=scss&":{"id":78,"buildMeta":{"moduleConcatenationBailout":"module.id","providedExports":true}},"./node_modules/@intlify/vue-i18n-loader/lib/index.js!./node_modules/yaml-loader/index.js!./node_modules/thread-loader/dist/cjs.js!./node_modules/vue-loader/lib/index.js?!./hs-libs/framework/ui/SearchForm.vue?vue&type=custom&index=0&blockType=i18n-yaml":{"id":79,"buildMeta":{"providedExports":true}},"./hs-libs/framework/ui/Table1.vue?vue&type=script&lang=js&":{"id":80,"buildMeta":{"exportsType":"namespace","providedExports":["default"]}},"./node_modules/thread-loader/dist/cjs.js!./node_modules/babel-loader/lib/index.js?!./node_modules/vue-loader/lib/index.js?!./hs-libs/framework/ui/Table1.vue?vue&type=script&lang=js&":{"id":81,"buildMeta":{"exportsType":"namespace","providedExports":["default"]}},"./node_modules/style-loader/dist/cjs.js!./node_modules/css-loader/dist/cjs.js!./node_modules/vue-loader/lib/loaders/stylePostLoader.js!./node_modules/postcss-loader/src/index.js!./node_modules/less-loader/dist/cjs.js!./node_modules/thread-loader/dist/cjs.js!./node_modules/vue-loader/lib/index.js?!./hs-libs/framework/ui/Table1.vue?vue&type=style&index=0&id=53e8f5b0&lang=less&scoped=true&":{"id":82,"buildMeta":{"moduleConcatenationBailout":"module.id","providedExports":true}},"./hs-libs/framework/ui/TableX.vue?vue&type=script&lang=js&":{"id":83,"buildMeta":{"exportsType":"namespace","providedExports":["default"]}},"./node_modules/thread-loader/dist/cjs.js!./node_modules/babel-loader/lib/index.js?!./node_modules/vue-loader/lib/index.js?!./hs-libs/framework/ui/TableX.vue?vue&type=script&lang=js&":{"id":84,"buildMeta":{"exportsType":"namespace","providedExports":["default"]}},"./node_modules/style-loader/dist/cjs.js!./node_modules/css-loader/dist/cjs.js!./node_modules/vue-loader/lib/loaders/stylePostLoader.js!./node_modules/postcss-loader/src/index.js!./node_modules/sass-loader/dist/cjs.js!./node_modules/thread-loader/dist/cjs.js!./node_modules/vue-loader/lib/index.js?!./hs-libs/framework/ui/TableX.vue?vue&type=style&index=0&id=560e8a57&scoped=true&lang=css&":{"id":85,"buildMeta":{"moduleConcatenationBailout":"module.id","providedExports":true}},"./hs-libs/framework/ui/loader/index.vue?vue&type=script&lang=js&":{"id":86,"buildMeta":{"exportsType":"namespace","providedExports":["default"]}},"./node_modules/thread-loader/dist/cjs.js!./node_modules/babel-loader/lib/index.js?!./node_modules/vue-loader/lib/index.js?!./hs-libs/framework/ui/loader/index.vue?vue&type=script&lang=js&":{"id":87,"buildMeta":{"exportsType":"namespace","providedExports":["default"]}},"./hs-libs/framework/apps.js":{"id":88,"buildMeta":{"exportsType":"namespace","providedExports":["default"]}},"./hs-libs/framework/ui/EditableTable.vue":{"id":89,"buildMeta":{"exportsType":"namespace","providedExports":["default"]}},"./hs-libs/framework/ui/Form.vue":{"id":90,"buildMeta":{"exportsType":"namespace","providedExports":["default"]}},"./hs-libs/framework/ui/Pager.vue":{"id":91,"buildMeta":{"exportsType":"namespace","providedExports":["default"]}},"./hs-libs/framework/ui/PageTable.vue":{"id":92,"buildMeta":{"exportsType":"namespace","providedExports":["default"]}},"./hs-libs/framework/ui/SearchForm.vue":{"id":93,"buildMeta":{"exportsType":"namespace","providedExports":["default"]}},"./hs-libs/framework/meta/search.js":{"id":94,"buildMeta":{"exportsType":"namespace","providedExports":["default"]}},"./hs-libs/framework/meta/export.js":{"id":95,"buildMeta":{"exportsType":"namespace","providedExports":["default"]}},"./hs-libs/framework/meta/form.js":{"id":96,"buildMeta":{"exportsType":"namespace","providedExports":["default"]}},"./hs-libs/framework/ui/loader/index.vue":{"id":97,"buildMeta":{"exportsType":"namespace","providedExports":["default"]}},"./node_modules/core-js/modules/es.array.for-each.js":{"id":98,"buildMeta":{"providedExports":true}},"./node_modules/core-js/internals/array-iteration.js":{"id":99,"buildMeta":{"providedExports":true}},"./node_modules/core-js/internals/array-method-is-strict.js":{"id":100,"buildMeta":{"providedExports":true}},"./node_modules/core-js/internals/is-pure.js":{"id":101,"buildMeta":{"providedExports":true}},"./node_modules/core-js/internals/is-object.js":{"id":102,"buildMeta":{"providedExports":true}},"./node_modules/core-js/internals/an-object.js":{"id":103,"buildMeta":{"providedExports":true}},"./node_modules/core-js/internals/define-well-known-symbol.js":{"id":104,"buildMeta":{"providedExports":true}},"./node_modules/core-js/internals/internal-state.js":{"id":105,"buildMeta":{"providedExports":true}},"./node_modules/core-js/internals/create-property.js":{"id":106,"buildMeta":{"providedExports":true}},"./node_modules/core-js/internals/iterators.js":{"id":107,"buildMeta":{"providedExports":true}},"./node_modules/core-js/modules/es.string.search.js":{"id":108,"buildMeta":{"providedExports":true}},"./hs-libs/vendor.js":{"id":109,"buildMeta":{"exportsType":"namespace","providedExports":["ajax","msg","progress"]}},"./node_modules/vue-i18n/dist/vue-i18n.esm.js":{"id":110,"buildMeta":{"exportsType":"namespace","providedExports":["default"]}},"./hs-libs/framework/ui/EditableTable.vue?vue&type=template&id=27bc6d4d&scoped=true&":{"id":111,"buildMeta":{"exportsType":"namespace","providedExports":["render","staticRenderFns"]}},"./hs-libs/components/ui/Checkbox.vue?vue&type=template&id=2be5151c&scoped=true&":{"id":112,"buildMeta":{"exportsType":"namespace","providedExports":["render","staticRenderFns"]}},"./hs-libs/framework/ui/Form.vue?vue&type=template&id=12c2a511&scoped=true&":{"id":113,"buildMeta":{"exportsType":"namespace","providedExports":["render","staticRenderFns"]}},"./hs-libs/framework/ui/Import.vue?vue&type=template&id=2ed89a32&scoped=true&":{"id":114,"buildMeta":{"exportsType":"namespace","providedExports":["render","staticRenderFns"]}},"./hs-libs/framework/ui/Import.vue?vue&type=custom&index=0&blockType=i18n-yaml":{"id":115,"buildMeta":{"exportsType":"namespace","providedExports":true}},"./hs-libs/framework/ui/Pager.vue?vue&type=template&id=120017c6&":{"id":116,"buildMeta":{"exportsType":"namespace","providedExports":["render","staticRenderFns"]}},"./hs-libs/framework/ui/Pager.vue?vue&type=custom&index=0&blockType=i18n-yaml":{"id":117,"buildMeta":{"exportsType":"namespace","providedExports":true}},"./hs-libs/framework/ui/PageTable.vue?vue&type=template&id=fccfb1fc&":{"id":118,"buildMeta":{"exportsType":"namespace","providedExports":["render","staticRenderFns"]}},"./hs-libs/framework/ui/PageTable.vue?vue&type=custom&index=0&blockType=i18n":{"id":119,"buildMeta":{"exportsType":"namespace","providedExports":true}},"./hs-libs/framework/ui/SearchForm.vue?vue&type=template&id=2c49eb19&scoped=true&":{"id":120,"buildMeta":{"exportsType":"namespace","providedExports":["render","staticRenderFns"]}},"./hs-libs/framework/ui/SearchForm.vue?vue&type=custom&index=0&blockType=i18n-yaml":{"id":121,"buildMeta":{"exportsType":"namespace","providedExports":true}},"./hs-libs/framework/ui/Table1.vue?vue&type=template&id=53e8f5b0&scoped=true&":{"id":122,"buildMeta":{"exportsType":"namespace","providedExports":["render","staticRenderFns"]}},"./hs-libs/framework/ui/TableX.vue?vue&type=template&id=560e8a57&scoped=true&":{"id":123,"buildMeta":{"exportsType":"namespace","providedExports":["render","staticRenderFns"]}},"./hs-libs/framework/ui/loader/index.vue?vue&type=template&id=167a7a03&":{"id":124,"buildMeta":{"exportsType":"namespace","providedExports":["render","staticRenderFns"]}},"./node_modules/core-js/modules/es.string.split.js":{"id":125,"buildMeta":{"providedExports":true}},"./node_modules/core-js/modules/es.array.join.js":{"id":126,"buildMeta":{"providedExports":true}},"./node_modules/core-js/modules/es.array.find.js":{"id":127,"buildMeta":{"providedExports":true}},"./node_modules/core-js/internals/array-for-each.js":{"id":128,"buildMeta":{"providedExports":true}},"./node_modules/core-js/internals/object-keys.js":{"id":129,"buildMeta":{"providedExports":true}},"./node_modules/core-js/internals/object-get-own-property-symbols.js":{"id":130,"buildMeta":{"providedExports":true}},"./node_modules/core-js/internals/object-property-is-enumerable.js":{"id":131,"buildMeta":{"providedExports":true}},"./node_modules/core-js/internals/indexed-object.js":{"id":132,"buildMeta":{"providedExports":true}},"./node_modules/core-js/internals/is-array.js":{"id":133,"buildMeta":{"providedExports":true}},"./node_modules/core-js/internals/create-property-descriptor.js":{"id":134,"buildMeta":{"providedExports":true}},"./node_modules/core-js/internals/object-create.js":{"id":135,"buildMeta":{"providedExports":true}},"./node_modules/core-js/internals/object-get-own-property-names.js":{"id":136,"buildMeta":{"providedExports":true}},"./node_modules/core-js/internals/redefine.js":{"id":137,"buildMeta":{"providedExports":true}},"./node_modules/core-js/internals/shared-key.js":{"id":138,"buildMeta":{"providedExports":true}},"./node_modules/core-js/internals/well-known-symbol-wrapped.js":{"id":139,"buildMeta":{"providedExports":true}},"./node_modules/core-js/internals/add-to-unscopables.js":{"id":140,"buildMeta":{"providedExports":true}},"./node_modules/core-js/internals/define-iterator.js":{"id":141,"buildMeta":{"providedExports":true}},"./node_modules/core-js/internals/iterators-core.js":{"id":142,"buildMeta":{"providedExports":true}},"./node_modules/core-js/internals/object-get-prototype-of.js":{"id":143,"buildMeta":{"providedExports":true}},"./node_modules/core-js/internals/to-absolute-index.js":{"id":144,"buildMeta":{"providedExports":true}},"./node_modules/core-js/internals/array-method-has-species-support.js":{"id":145,"buildMeta":{"providedExports":true}},"./node_modules/core-js/internals/fix-regexp-well-known-symbol-logic.js":{"id":146,"buildMeta":{"providedExports":true}},"./node_modules/core-js/internals/require-object-coercible.js":{"id":147,"buildMeta":{"providedExports":true}},"./node_modules/core-js/internals/regexp-exec-abstract.js":{"id":148,"buildMeta":{"providedExports":true}},"./node_modules/core-js/internals/dom-iterables.js":{"id":149,"buildMeta":{"providedExports":true}},"./node_modules/vue-loader/lib/loaders/templateLoader.js?!./node_modules/thread-loader/dist/cjs.js!./node_modules/vue-loader/lib/index.js?!./hs-libs/framework/ui/EditableTable.vue?vue&type=template&id=27bc6d4d&scoped=true&":{"id":150,"buildMeta":{"exportsType":"namespace","providedExports":["render","staticRenderFns"]}},"./node_modules/vue-loader/lib/loaders/templateLoader.js?!./node_modules/thread-loader/dist/cjs.js!./node_modules/vue-loader/lib/index.js?!./hs-libs/components/ui/Checkbox.vue?vue&type=template&id=2be5151c&scoped=true&":{"id":151,"buildMeta":{"exportsType":"namespace","providedExports":["render","staticRenderFns"]}},"./node_modules/vue-loader/lib/loaders/templateLoader.js?!./node_modules/thread-loader/dist/cjs.js!./node_modules/vue-loader/lib/index.js?!./hs-libs/framework/ui/Form.vue?vue&type=template&id=12c2a511&scoped=true&":{"id":152,"buildMeta":{"exportsType":"namespace","providedExports":["render","staticRenderFns"]}},"./node_modules/vue-loader/lib/loaders/templateLoader.js?!./node_modules/thread-loader/dist/cjs.js!./node_modules/vue-loader/lib/index.js?!./hs-libs/framework/ui/Import.vue?vue&type=template&id=2ed89a32&scoped=true&":{"id":153,"buildMeta":{"exportsType":"namespace","providedExports":["render","staticRenderFns"]}},"./node_modules/vue-loader/lib/loaders/templateLoader.js?!./node_modules/thread-loader/dist/cjs.js!./node_modules/vue-loader/lib/index.js?!./hs-libs/framework/ui/Pager.vue?vue&type=template&id=120017c6&":{"id":154,"buildMeta":{"exportsType":"namespace","providedExports":["render","staticRenderFns"]}},"./node_modules/vue-loader/lib/loaders/templateLoader.js?!./node_modules/thread-loader/dist/cjs.js!./node_modules/vue-loader/lib/index.js?!./hs-libs/framework/ui/PageTable.vue?vue&type=template&id=fccfb1fc&":{"id":155,"buildMeta":{"exportsType":"namespace","providedExports":["render","staticRenderFns"]}},"./node_modules/vue-loader/lib/loaders/templateLoader.js?!./node_modules/thread-loader/dist/cjs.js!./node_modules/vue-loader/lib/index.js?!./hs-libs/framework/ui/SearchForm.vue?vue&type=template&id=2c49eb19&scoped=true&":{"id":156,"buildMeta":{"exportsType":"namespace","providedExports":["render","staticRenderFns"]}},"./node_modules/core-js/internals/to-integer.js":{"id":157,"buildMeta":{"providedExports":true}},"./node_modules/core-js/modules/es.array.splice.js":{"id":158,"buildMeta":{"providedExports":true}},"./node_modules/vue-loader/lib/loaders/templateLoader.js?!./node_modules/thread-loader/dist/cjs.js!./node_modules/vue-loader/lib/index.js?!./hs-libs/framework/ui/Table1.vue?vue&type=template&id=53e8f5b0&scoped=true&":{"id":159,"buildMeta":{"exportsType":"namespace","providedExports":["render","staticRenderFns"]}},"./node_modules/core-js/modules/web.timers.js":{"id":160,"buildMeta":{"providedExports":true}},"./node_modules/vue-loader/lib/loaders/templateLoader.js?!./node_modules/thread-loader/dist/cjs.js!./node_modules/vue-loader/lib/index.js?!./hs-libs/framework/ui/TableX.vue?vue&type=template&id=560e8a57&scoped=true&":{"id":161,"buildMeta":{"exportsType":"namespace","providedExports":["render","staticRenderFns"]}},"./node_modules/vue-loader/lib/loaders/templateLoader.js?!./node_modules/thread-loader/dist/cjs.js!./node_modules/vue-loader/lib/index.js?!./hs-libs/framework/ui/loader/index.vue?vue&type=template&id=167a7a03&":{"id":162,"buildMeta":{"exportsType":"namespace","providedExports":["render","staticRenderFns"]}},"./hs-libs/components/locale/app.json":{"id":163,"buildMeta":{"exportsType":"named","providedExports":["en","cn","default"]}},"./hs-libs/components/locale/validation.json":{"id":164,"buildMeta":{"exportsType":"named","providedExports":["en","cn","default"]}},"./node_modules/vee-validate/dist/vee-validate.esm.js":{"id":165,"buildMeta":{"exportsType":"namespace","providedExports":["default","ErrorBag","Rules","ValidationObserver","ValidationProvider","Validator","directive","install","mapFields","mixin","version","withValidation"]}},"./hs-libs/framework/ui/index.js":{"id":166,"buildMeta":{"exportsType":"namespace","providedExports":["default"]}},"./hs-libs/framework/ui/Import.vue":{"id":167,"buildMeta":{"exportsType":"namespace","providedExports":["default"]}},"./hs-libs/framework/ui/loader/loader.js":{"id":168,"buildMeta":{"exportsType":"namespace","providedExports":["default"]}},"./node_modules/css-loader/dist/runtime/getUrl.js":{"id":170,"buildMeta":{"providedExports":true}},"./hs-libs/framework.js":{"id":196,"buildMeta":{"exportsType":"namespace","providedExports":["default","locale","i18n","script","editors","views","dict","apps","meta","MetaDatas","user","auths","comps","Table1","TableX"]}},"./node_modules/core-js/internals/object-assign.js":{"id":197,"buildMeta":{"providedExports":true}},"./hs-libs/components/validate.js":{"id":198,"buildMeta":{"exportsType":"namespace","providedExports":[]}},"./node_modules/core-js/internals/get-built-in.js":{"id":199,"buildMeta":{"providedExports":true}},"./node_modules/core-js/internals/native-symbol.js":{"id":200,"buildMeta":{"providedExports":true}},"./node_modules/core-js/internals/use-symbol-as-uid.js":{"id":201,"buildMeta":{"providedExports":true}},"./node_modules/core-js/internals/to-primitive.js":{"id":202,"buildMeta":{"providedExports":true}},"./node_modules/core-js/internals/object-get-own-property-names-external.js":{"id":203,"buildMeta":{"providedExports":true}},"./node_modules/core-js/internals/object-get-own-property-descriptor.js":{"id":204,"buildMeta":{"providedExports":true}},"./node_modules/core-js/internals/shared.js":{"id":205,"buildMeta":{"providedExports":true}},"./node_modules/core-js/internals/hidden-keys.js":{"id":206,"buildMeta":{"providedExports":true}},"./node_modules/core-js/internals/uid.js":{"id":207,"buildMeta":{"providedExports":true}},"./node_modules/core-js/internals/path.js":{"id":208,"buildMeta":{"providedExports":true}},"./node_modules/core-js/internals/copy-constructor-properties.js":{"id":209,"buildMeta":{"providedExports":true}},"./node_modules/core-js/modules/es.array.find-index.js":{"id":210,"buildMeta":{"providedExports":true}},"./node_modules/core-js/internals/array-from.js":{"id":211,"buildMeta":{"providedExports":true}},"./node_modules/core-js/internals/function-bind-context.js":{"id":212,"buildMeta":{"providedExports":true}},"./node_modules/core-js/internals/call-with-safe-iteration-closing.js":{"id":213,"buildMeta":{"providedExports":true}},"./node_modules/core-js/internals/is-array-iterator-method.js":{"id":214,"buildMeta":{"providedExports":true}},"./node_modules/core-js/internals/get-iterator-method.js":{"id":215,"buildMeta":{"providedExports":true}},"./node_modules/core-js/internals/check-correctness-of-iteration.js":{"id":216,"buildMeta":{"providedExports":true}},"./node_modules/core-js/internals/create-iterator-constructor.js":{"id":217,"buildMeta":{"providedExports":true}},"./node_modules/core-js/internals/correct-prototype-getter.js":{"id":218,"buildMeta":{"providedExports":true}},"./node_modules/core-js/internals/object-set-prototype-of.js":{"id":219,"buildMeta":{"providedExports":true}},"./node_modules/core-js/internals/string-multibyte.js":{"id":220,"buildMeta":{"providedExports":true}},"./node_modules/core-js/internals/is-regexp.js":{"id":221,"buildMeta":{"providedExports":true}},"./node_modules/core-js/internals/species-constructor.js":{"id":222,"buildMeta":{"providedExports":true}},"./node_modules/core-js/internals/advance-string-index.js":{"id":223,"buildMeta":{"providedExports":true}},"./node_modules/core-js/internals/regexp-exec.js":{"id":224,"buildMeta":{"providedExports":true}},"./hs-libs/components/ui lazy recursive ^\\.\\/.*$ exclude: \\.js":{"id":225,"buildMeta":{"providedExports":true}},"./hs-libs/components/ui/Checkbox.vue?vue&type=style&index=0&id=2be5151c&scoped=true&lang=css&":{"id":226,"buildMeta":{"exportsType":"namespace","providedExports":true}},"./node_modules/css-loader/dist/cjs.js!./node_modules/vue-loader/lib/loaders/stylePostLoader.js!./node_modules/postcss-loader/src/index.js!./node_modules/sass-loader/dist/cjs.js!./node_modules/thread-loader/dist/cjs.js!./node_modules/vue-loader/lib/index.js?!./hs-libs/components/ui/Checkbox.vue?vue&type=style&index=0&id=2be5151c&scoped=true&lang=css&":{"id":227,"buildMeta":{"moduleConcatenationBailout":"module.id","providedExports":true}},"./hs-libs/assets/imgs/checkbox-1.png":{"id":228,"buildMeta":{"exportsType":"namespace","providedExports":["default"]}},"./hs-libs/assets/imgs/checkbox-2.png":{"id":229,"buildMeta":{"exportsType":"namespace","providedExports":["default"]}},"./hs-libs/assets/imgs/checkbox-3.png":{"id":230,"buildMeta":{"exportsType":"namespace","providedExports":["default"]}},"./hs-libs/assets/imgs/checkbox-4.png":{"id":231,"buildMeta":{"exportsType":"namespace","providedExports":["default"]}},"./hs-libs/assets/imgs/checkbox-5.png":{"id":232,"buildMeta":{"exportsType":"namespace","providedExports":["default"]}},"./hs-libs/framework/ui/EditableTable.vue?vue&type=style&index=0&id=27bc6d4d&scoped=true&lang=css&":{"id":233,"buildMeta":{"exportsType":"namespace","providedExports":true}},"./node_modules/css-loader/dist/cjs.js!./node_modules/vue-loader/lib/loaders/stylePostLoader.js!./node_modules/postcss-loader/src/index.js!./node_modules/sass-loader/dist/cjs.js!./node_modules/thread-loader/dist/cjs.js!./node_modules/vue-loader/lib/index.js?!./hs-libs/framework/ui/EditableTable.vue?vue&type=style&index=0&id=27bc6d4d&scoped=true&lang=css&":{"id":234,"buildMeta":{"moduleConcatenationBailout":"module.id","providedExports":true}},"./hs-libs/framework/ui/Form.vue?vue&type=style&index=0&id=12c2a511&scoped=true&lang=css&":{"id":235,"buildMeta":{"exportsType":"namespace","providedExports":true}},"./node_modules/css-loader/dist/cjs.js!./node_modules/vue-loader/lib/loaders/stylePostLoader.js!./node_modules/postcss-loader/src/index.js!./node_modules/sass-loader/dist/cjs.js!./node_modules/thread-loader/dist/cjs.js!./node_modules/vue-loader/lib/index.js?!./hs-libs/framework/ui/Form.vue?vue&type=style&index=0&id=12c2a511&scoped=true&lang=css&":{"id":236,"buildMeta":{"moduleConcatenationBailout":"module.id","providedExports":true}},"./hs-libs/framework/ui/Import.vue?vue&type=style&index=0&id=2ed89a32&scoped=true&lang=css&":{"id":237,"buildMeta":{"exportsType":"namespace","providedExports":true}},"./node_modules/css-loader/dist/cjs.js!./node_modules/vue-loader/lib/loaders/stylePostLoader.js!./node_modules/postcss-loader/src/index.js!./node_modules/sass-loader/dist/cjs.js!./node_modules/thread-loader/dist/cjs.js!./node_modules/vue-loader/lib/index.js?!./hs-libs/framework/ui/Import.vue?vue&type=style&index=0&id=2ed89a32&scoped=true&lang=css&":{"id":238,"buildMeta":{"moduleConcatenationBailout":"module.id","providedExports":true}},"./hs-libs/framework/ui/Pager.vue?vue&type=style&index=0&lang=css&":{"id":239,"buildMeta":{"exportsType":"namespace","providedExports":true}},"./node_modules/css-loader/dist/cjs.js!./node_modules/vue-loader/lib/loaders/stylePostLoader.js!./node_modules/postcss-loader/src/index.js!./node_modules/sass-loader/dist/cjs.js!./node_modules/thread-loader/dist/cjs.js!./node_modules/vue-loader/lib/index.js?!./hs-libs/framework/ui/Pager.vue?vue&type=style&index=0&lang=css&":{"id":240,"buildMeta":{"moduleConcatenationBailout":"module.id","providedExports":true}},"./node_modules/core-js/modules/es.array.last-index-of.js":{"id":241,"buildMeta":{"providedExports":true}},"./node_modules/core-js/internals/array-last-index-of.js":{"id":242,"buildMeta":{"providedExports":true}},"./node_modules/core-js/internals/array-species-create.js":{"id":243,"buildMeta":{"providedExports":true}},"./node_modules/core-js/internals/same-value.js":{"id":244,"buildMeta":{"providedExports":true}},"./hs-libs/framework/ui/SearchForm.vue?vue&type=style&index=0&id=2c49eb19&scoped=true&lang=scss&":{"id":245,"buildMeta":{"exportsType":"namespace","providedExports":true}},"./node_modules/css-loader/dist/cjs.js!./node_modules/vue-loader/lib/loaders/stylePostLoader.js!./node_modules/postcss-loader/src/index.js!./node_modules/sass-loader/dist/cjs.js!./node_modules/thread-loader/dist/cjs.js!./node_modules/vue-loader/lib/index.js?!./hs-libs/framework/ui/SearchForm.vue?vue&type=style&index=0&id=2c49eb19&scoped=true&lang=scss&":{"id":246,"buildMeta":{"moduleConcatenationBailout":"module.id","providedExports":true}},"./hs-libs/framework/ui/Table1.vue?vue&type=style&index=0&id=53e8f5b0&lang=less&scoped=true&":{"id":247,"buildMeta":{"exportsType":"namespace","providedExports":true}},"./node_modules/css-loader/dist/cjs.js!./node_modules/vue-loader/lib/loaders/stylePostLoader.js!./node_modules/postcss-loader/src/index.js!./node_modules/less-loader/dist/cjs.js!./node_modules/thread-loader/dist/cjs.js!./node_modules/vue-loader/lib/index.js?!./hs-libs/framework/ui/Table1.vue?vue&type=style&index=0&id=53e8f5b0&lang=less&scoped=true&":{"id":248,"buildMeta":{"moduleConcatenationBailout":"module.id","providedExports":true}},"./hs-libs/framework/ui/TableX.vue?vue&type=style&index=0&id=560e8a57&scoped=true&lang=css&":{"id":249,"buildMeta":{"exportsType":"namespace","providedExports":true}},"./node_modules/css-loader/dist/cjs.js!./node_modules/vue-loader/lib/loaders/stylePostLoader.js!./node_modules/postcss-loader/src/index.js!./node_modules/sass-loader/dist/cjs.js!./node_modules/thread-loader/dist/cjs.js!./node_modules/vue-loader/lib/index.js?!./hs-libs/framework/ui/TableX.vue?vue&type=style&index=0&id=560e8a57&scoped=true&lang=css&":{"id":250,"buildMeta":{"moduleConcatenationBailout":"module.id","providedExports":true}},"./node_modules/core-js/modules/web.dom-collections.for-each.js":{"id":251,"buildMeta":{"providedExports":true}},"./node_modules/core-js/modules/es.symbol.to-string-tag.js":{"id":252,"buildMeta":{"providedExports":true}},"./node_modules/core-js/modules/es.json.to-string-tag.js":{"id":253,"buildMeta":{"providedExports":true}},"./node_modules/core-js/modules/es.math.to-string-tag.js":{"id":254,"buildMeta":{"providedExports":true}},"./hs-libs/framework/ui/views lazy recursive ^\\.\\/.*$ include: \\.vue":{"id":255,"buildMeta":{"providedExports":true}},"./hs-libs/framework/ui/editors lazy recursive ^\\.\\/.*$ include: \\.vue":{"id":256,"buildMeta":{"providedExports":true}}}}