<?xml version="1.0" encoding="UTF-8"?>
<!DOCTYPE mapper PUBLIC "-//mybatis.org//DTD Mapper 3.0//EN" "http://mybatis.org/dtd/mybatis-3-mapper.dtd">

<!-- 参数管理手工映射SQL语句 -->
<mapper namespace="carouselFigure">
    <sql id="sql_where">
        <if test="''!=type and null!=type">
            and a.type =#{type}
        </if>
        <if test="''!=status and null!=status">
            and a.status =#{status}
        </if>
        <if test="''!=id and null!=id">
            and a.id =#{id}
        </if>

    </sql>

    <!-- 查询 -->
    <select id="queryList" parameterType="map" resultType="dto">
        SELECT
        a.*
        FROM
        m_carousel_figure a
        WHERE 1 = 1 and a.is_delete='N'
        <include refid="sql_where"/>
        order by a.sort desc
        <if test="null!=start">
            limit ${start},${end}
        </if>
    </select>

    <select id="queryListCount" parameterType="map" resultType="dto">
        SELECT count(1) as total FROM m_carousel_figure a WHERE 1=1 and a.is_delete='N'
        <include refid="sql_where"/>
    </select>
    <!-- 插入 -->
    <insert id="saveInfo" parameterType="dto" useGeneratedKeys="true" keyProperty="id">
        insert into m_carousel_figure
        (
        <if test="''!=pic and null!=pic">
            pic,
        </if>
        <if test="''!=jump_link and null!=jump_link">
            jump_link,
        </if>
        <if test="''!=sort and null!=sort">
            sort,
        </if>
        <if test="''!=type and null!=type">
            type,
        </if>
        <if test="''!=status and null!=status">
            status,
        </if>

        create_time,
        creator,
        is_delete
        )
        values (
        <if test="''!=pic and null!=pic">
            #{pic},
        </if>
        <if test="''!=jump_link and null!=jump_link">
            #{jump_link},
        </if>
        <if test="''!=sort and null!=sort">
            #{sort},
        </if>
        <if test="''!=type and null!=type">
            #{type},
        </if>
        <if test="''!=status and null!=status">
            #{status},
        </if>

        now(),
        #{creator},
        'N'
        )
    </insert>

    <!-- 修改 -->
    <update id="updateInfo" parameterType="dto">
        update m_carousel_figure a
        set
        <if test="''!=pic and null!=pic">
            a.pic=#{pic},
        </if>
        a.jump_link=#{jump_link},
        <if test="''!=sort and null!=sort">
            a.sort=#{sort},
        </if>
        <if test="''!=type and null!=type">
            a.type=#{type},
        </if>
        <if test="''!=status and null!=status">
            a.status=#{status},
        </if>

        a.update_time = now()
        where id = #{id}
    </update>


    <!-- 删除 -->
    <delete id="deleteInfo" parameterType="dto">
		update  m_carousel_figure set is_delete='Y'  WHERE id = #{id}
	</delete>
</mapper>