<?xml version="1.0" encoding="UTF-8"?>
<!DOCTYPE mapper PUBLIC "-//mybatis.org//DTD Mapper 3.0//EN" "http://mybatis.org/dtd/mybatis-3-mapper.dtd">
<!-- 参数管理手工映射SQL语句 -->
<mapper namespace="shopConfigBeautyMakeup">
    

    <sql id="sql_where">

        <if test="''!=m_shop_config_beauty_makeup_template_id and null!=m_shop_config_beauty_makeup_template_id">
            a.m_shop_config_beauty_makeup_template_id = #{m_shop_config_beauty_makeup_template_id}
        </if>

        
    </sql>

    <!-- 查询 -->
    <select id="queryList" parameterType="map" resultType="dto">
        select a.*
        from m_shop_config_beauty_makeup a
        WHERE
        1 = 1
        AND a.is_delete = 'N'
        <include refid="sql_where"/>
        ORDER BY id desc
    </select>


    <select id="getInfo" parameterType="map" resultType="dto">
        select a.*
        from m_shop_config_beauty_makeup a
        WHERE
        1 = 1 AND a.is_delete = 'N'
        <include refid="sql_where"/>
        LIMIT 1
    </select>

    <!-- 插入 -->
    <insert id="saveInfo" parameterType="dto">
    insert into m_shop_config_beauty_makeup
    (m_shop_config_template_id, market_coupon_id,product_type_beauty_makeup_product_id,product_type_fashion_makeup_product_id,product_type_face_makeup_product_id_1,product_type_face_makeup_product_id_2,
    product_type_face_makeup_product_id_3,product_type_face_makeup_product_id_4,product_type_face_makeup_product_id_5,product_type_face_makeup_product_id_6,product_type_face_makeup_product_id_7,
    create_time,creator,is_delete)
    values (#{m_shop_config_template_id}, #{market_coupon_id},#{product_type_beauty_makeup_product_id},#{product_type_fashion_makeup_product_id},#{product_type_face_makeup_product_id_1},#{product_type_face_makeup_product_id_2},
    #{product_type_face_makeup_product_id_3}, #{product_type_face_makeup_product_id_4},#{product_type_face_makeup_product_id_5},#{product_type_face_makeup_product_id_6},
    #{product_type_face_makeup_product_id_7},now(),#{creator},'N')
    ON DUPLICATE KEY UPDATE
        market_coupon_id=VALUES(market_coupon_id),product_type_beauty_makeup_product_id=VALUES(product_type_beauty_makeup_product_id),product_type_fashion_makeup_product_id=VALUES(product_type_fashion_makeup_product_id),product_type_face_makeup_product_id_1=VALUES(product_type_face_makeup_product_id_1),
        product_type_face_makeup_product_id_2=VALUES(product_type_face_makeup_product_id_2),product_type_face_makeup_product_id_3=VALUES(product_type_face_makeup_product_id_3),product_type_face_makeup_product_id_4=VALUES(product_type_face_makeup_product_id_4),
        product_type_face_makeup_product_id_5=VALUES(product_type_face_makeup_product_id_5),product_type_face_makeup_product_id_6=VALUES(product_type_face_makeup_product_id_6),product_type_face_makeup_product_id_7=VALUES(product_type_face_makeup_product_id_7),update_time=now()
        <selectKey resultType="string" keyProperty="id">
            select last_insert_id() as ID from m_shop_config_beauty_makeup limit 1
        </selectKey>
  </insert>

    <!-- 修改 -->
    <update id="updateInfo" parameterType="dto">
        update m_shop_config_beauty_makeup
        set
        <if test="name">
            name = #{name},
        </if>
        <if test="address">
            address = #{address},
        </if>
        <if test="type">
            type = #{type},
        </if>
        <if test="license_number">
            license_number = #{license_number},
        </if>
        <if test="legal_name">
            legal_name = #{legal_name},
        </if>
        <if test="legal_number">
            legal_number = #{legal_number},
        </if>
        <if test="legal_name">
            register_capital = #{register_capital},
        </if>
        <if test="scope">
            scope = #{scope},
        </if>

        <if test="account_name">
            account_name = #{account_name},
        </if>
        <if test="account_number">
            account_number = #{account_number},
        </if>
        <if test="account_address">
            account_address = #{account_address},
        </if>
        <if test="bail_flag">
            bail_flag = #{bail_flag},
        </if>
        <if test="bail">
            bail = #{bail},
        </if>
        <if test="status">
            status = #{status},
        </if>
        update_time = now(),
        updator = #{updator}
        where id = #{id}
    </update>

    <!-- 删除 -->
    <delete id="deleteInfo" parameterType="map">
    update m_shop_config_beauty_makeup set is_delete = 'Y' where  id = #{id}
  </delete>

</mapper>