<?xml version="1.0" encoding="UTF-8"?>
<!DOCTYPE mapper PUBLIC "-//mybatis.org//DTD Mapper 3.0//EN" "http://mybatis.org/dtd/mybatis-3-mapper.dtd">
<!-- 参数管理手工映射SQL语句 -->
<mapper namespace="cmnFee">

    <sql id="sql_where">
            <if test="''!=id and null!=id">
                and a.id = #{id}
            </if>
            <if test="''!=account and null!=moneyStart">
                and a.start_money &gt;=#{moneyStart}
            </if>
            <if test="''!=moneyEnd and null!=moneyEnd">
                and a.start_money &lt;= #{moneyEnd}
            </if>
            <if test="''!=addStart and null!=addStart">
                and a.add_money &gt;= #{addStart}
            </if>
            <if test="''!=addEnd and null!=addEnd">
                and a.add_money &lt;= #{addEnd}
            </if>
            <if test="''!=type and null!=type">
                and a.type = #{type}
            </if>
            <if test="''!=startTime and null!=startTime">
                and a.startTime = #{startTime}
            </if>
            <if test="''!=startTime and null!=startTime">
                DATE_FORMAT(a.startTime,'%Y-%m-%d') = #{startTime}
            </if>
            <if test="''!=endTime and null!=endTime">
                DATE_FORMAT(a.endTime,'%Y-%m-%d') = #{endTime}
            </if>
            
    </sql>

    <!-- 查询 -->
    <select id="queryList" parameterType="map" resultType="dto">
        SELECT a.*,u1.username AS creatorName,u2.username AS updatorName
        FROM m_cmn_fee a
        LEFT JOIN sys_user u1 ON a.creator = u1.id
        LEFT JOIN sys_user u2 ON a.updator = u2.id
        WHERE 1=1 AND a.is_delete = 'N'
        <include refid="sql_where"/>
        ORDER BY id
    </select>

    <!-- 查询 -->
    <select id="queryFeeOrderInfo" parameterType="map" resultType="dto">
        SELECT a.*
        FROM m_cmn_fee a
        WHERE 1=1
        AND a.is_delete = 'N'
        <include refid="sql_where"/>
        limit 0,1
    </select>

    <select id="getProInfo" parameterType="map" resultType="dto">
        SELECT
        a.*, b. NAME AS brandname,
        c. NAME AS pricename,
        d.text AS typename,
        e. NAME AS shopname
        FROM
        m_product a
        LEFT JOIN m_product_brand b ON a.brand_id = b.id
        LEFT JOIN m_price_type c ON a.price_id = c.id
        LEFT JOIN m_product_type d ON a.type_id = d.id
        LEFT JOIN m_shop e ON a.shop_id = e.id
        WHERE
        1 = 1
        and a.id = #{ids}
    </select>

    <select id="getCartList" parameterType="map" resultType="dto">
        SELECT
        a.*, b. NAME AS brandname,
        c. NAME AS pricename,
        d.text AS typename,
        e. NAME AS shopname
        FROM
        m_member_cart mc
        left join m_product a on mc.product_id = a.id
        LEFT JOIN m_product_brand b ON a.brand_id = b.id
        LEFT JOIN m_price_type c ON a.price_id = c.id
        LEFT JOIN m_product_type d ON a.type_id = d.id
        LEFT JOIN m_shop e ON a.shop_id = e.id
        WHERE
        1 = 1
        and  FIND_IN_SET(mc.id,#{ids})
    </select>

    <!-- 插入 -->
    <insert id="saveInfo" parameterType="dto">
     insert into m_cmn_fee ( start_money,add_money,
      type, create_time, creator, 
      update_time, is_delete
      )
    values (#{start_money}, #{add_money},
      #{type}, now(), #{creator},
      now(), 'N'
      )
  </insert>

    <!-- 删除 -->
    <delete id="deleteInfo" parameterType="map">
    UPDATE m_cmn_fee set is_delete = 'Y' WHERE id = #{id}
  </delete>

    <!-- 修改 -->
    <update id="updateInfo" parameterType="dto">
        update m_cmn_fee
        set
        <if test="start_money">
            start_money = #{start_money},
        </if>
        <if test="add_money">
            add_money = #{add_money},
        </if>
        <if test="type">
            type = #{type},
        </if>
        <if test="updator">
            updator = #{updator},
        </if>
        update_time = now()
        where id = #{id}
    </update>

    <!-- 查询 -->
    <select id="getInfo" parameterType="map" resultType="dto">
        SELECT a.*,u1.username AS creatorName,u2.username AS updatorName
        FROM m_cmn_fee a
        LEFT JOIN sys_user u1 ON a.creator = u1.id
        LEFT JOIN sys_user u2 ON a.updator = u2.id
        WHERE 1=1 AND a.is_delete = 'N'
        <include refid="sql_where"/>
        limit 0,1
    </select>

</mapper>