<?xml version="1.0" encoding="UTF-8"?>
<!DOCTYPE mapper PUBLIC "-//mybatis.org//DTD Mapper 3.0//EN" "http://mybatis.org/dtd/mybatis-3-mapper.dtd">
<!-- 参数管理手工映射SQL语句 -->
<mapper namespace="cmnImage">

    <sql id="sql_where">
        <if test="''!=id and null!=id">
            and a.id = #{id}
        </if>
        <if test="''!=bizid and null!=bizid">
            and a.bizid = #{bizid}
        </if>
        <if test="''!=type and null!=type">
            and a.type = #{type}
        </if>
    </sql>


    <!-- 删除 -->
    <delete id="deleteInfo" parameterType="map">
        UPDATE m_cmn_image
        set is_delete = 'Y'
        WHERE id = #{id}
    </delete>

  <!-- 查询 -->
  <select id="queryList" parameterType="map" resultType="dto">
    SELECT a.*,a.id as picid,ifnull(a.jurl,'')as jurls,b.title
      FROM m_cmn_image a
      left join m_carousel_activity as b on(a.bizid=b.id)
      WHERE 1=1
      <include refid="sql_where"/> 
    ORDER BY id
  </select>
  
  <!-- 插入 -->
  <insert id="saveInfo" parameterType="dto">
     insert into m_cmn_image (bizid, pic,
      type, create_time, creator,
      update_time, updator, is_delete
      )
    values (#{bizid}, #{pic},
      #{type}, now(), #{creator}, now(), #{creator}, 'N'
      )
      <selectKey resultType="java.lang.Long" keyProperty="id">
          SELECT LAST_INSERT_ID() as id
      </selectKey>
  </insert>
  
  <!-- 修改 -->
  <update id="updateInfo" parameterType="dto">
      update m_cmn_image
      set
      <if test="bizid">
          bizid = #{bizid},
      </if>
      <if test="pic">
          pic = #{pic},
      </if>
      <if test="type">
          type = #{type},
      </if>
      <if test="updator">
          updator = #{updator},
      </if>
        update_time = now()
        where id = #{id}
    </update>

    <!-- 修改 -->
    <update id="updateforActivity" parameterType="dto">
        update m_cmn_image
        set
        <if test="bizid">
            bizid = #{bizid},
        </if>
        <if test="pic">
            pic = #{pic},
        </if>
        <if test="type">
            type = #{type},
        </if>
        <if test="jurl">
            jurl = #{jurl},
        </if>
        <if test="updator">
            updator = #{updator},
        </if>
        update_time = now()
        where id = #{picid}
    </update>

    <!-- 查询 -->
    <select id="getInfo" parameterType="map" resultType="dto">
        SELECT a.*
        FROM m_cmn_image a
        WHERE 1=1
        <include refid="sql_where"/>
        limit 0,1
    </select>

</mapper>