<?xml version="1.0" encoding="UTF-8"?>
<!DOCTYPE mapper PUBLIC "-//mybatis.org//DTD Mapper 3.0//EN" "http://mybatis.org/dtd/mybatis-3-mapper.dtd">
<!-- 参数管理手工映射SQL语句 -->
<mapper namespace="cmnNotice">
  
  <sql id="sql_where">

          <if test="''!=id and null!=id">
              and a.id = #{id}
          </if>
          <if test="''!=title and null!=title">
              and a.title LIKE CONCAT('%', #{title}, '%')
          </if>
          <if test="''!=status and null!=status">
              and a.status = #{status}
          </if>
          <if test="''!=startTime and null!=startTime">
              DATE_FORMAT(a.startTime,'%Y-%m-%d') = #{startTime}
          </if>
          <if test="''!=endTime and null!=endTime">
              DATE_FORMAT(a.endTime,'%Y-%m-%d') = #{endTime}
          </if>
         
   </sql>

  <!-- 查询 -->
  <select id="queryList" parameterType="map" resultType="dto">
    SELECT a.*,s.val,u1.username AS creatorName,u2.username AS updatorName
      FROM m_cmn_notice a
      LEFT JOIN sys_config s ON  a.status = s.id
      LEFT JOIN sys_user u1 ON a.creator = u1.id
      LEFT JOIN sys_user u2 ON a.updator = u2.id
      WHERE 1=1 AND a.is_delete = 'N'
      <include refid="sql_where"/> 
    ORDER BY id
  </select>
  
  <!-- 插入 -->
  <insert id="saveInfo" parameterType="dto">
     insert into m_cmn_notice (title, context, 
      status, create_time, creator, 
      update_time, updator, is_delete
      )
    values (#{title}, #{context},
      #{status}, now(), #{creator},
      now(), #{creator}, 'N'
      )
  </insert>
  
  <!-- 删除 -->
  <delete id="deleteInfo" parameterType="map">
    UPDATE m_cmn_notice set is_delete = 'Y' WHERE id = #{id}
  </delete>
  
  <!-- 修改 -->
  <update id="updateInfo" parameterType="dto">
      update m_cmn_notice
      set
      <if test="title">
          title = #{title},
      </if>
      <if test="context">
          context = #{context},
      </if>
      <if test="status">
          status = #{status},
      </if>
      <if test="updator">
          updator = #{updator},
      </if>
      update_time = now()
      where id = #{id}
  </update>
  
  <!-- 查询 -->
  <select id="getInfo" parameterType="map" resultType="dto">
      SELECT a.*,s.val,u1.username AS creatorName,u2.username AS updatorName
      FROM m_cmn_notice a
      LEFT JOIN sys_config s ON  a.status = s.id
      LEFT JOIN sys_user u1 ON a.creator = u1.id
      LEFT JOIN sys_user u2 ON a.updator = u2.id
      WHERE 1=1  AND a.is_delete = 'N'
      <include refid="sql_where"/>
      limit 0,1
  </select>


    <select id="queryInfoAdd" parameterType="map" resultType="dto">
        SELECT
            c.id as member_id,c.telephone,c.create_time
        FROM
            m_market_coupon_user AS a
                LEFT JOIN m_market_coupon AS b ON (a.coupon_id = b.id)
                LEFT JOIN m_member AS c ON (a.member_id = c.id)
        WHERE
            a.`status` = 181
          AND b.type = 3
          AND date_format(c.create_time, '%Y-%m-%d') >= '2019-11-14'
        GROUP BY
            a.member_id
    </select>

    <select id="queryInfoAddInfo" parameterType="map" resultType="dto">
        SELECT
            c.id as member_id,c.telephone,c.create_time
        FROM
            m_member AS c
        WHERE
          date_format(c.create_time, '%Y-%m-%d')>= '2019-11-14'
        GROUP BY
            c.id
    </select>

    <insert id="saveAddInfo" parameterType="map">
        INSERT INTO `m_market_coupon_user` (
            `member_id`,
            `coupon_id`,
            `rmember`,
            `starttime`,
            `endtime`,
            `status`,
            `create_time`,
            `creator`,
            `update_time`,
            `updator`,
            `is_delete`
        )
        VALUES
        (
            #{member_id},
            '79',
            NULL,
            '2019-12-05 00:00:00',
            '2019-12-31 23:59:59',
            '180',
            '2019-12-09 19:02:14',
            '0',
            NULL,
            '0',
            'N'
        );
    </insert>

    <insert id="saveAddInfoInfo" parameterType="map">
        INSERT INTO `m_market_coupon_user` (
            `member_id`,
            `coupon_id`,
            `rmember`,
            `starttime`,
            `endtime`,
            `status`,
            `create_time`,
            `creator`,
            `update_time`,
            `updator`,
            `is_delete`
        )
        VALUES
        (
            #{member_id},
            '80',
            NULL,
            '2019-12-13 00:00:00',
            '2020-01-01 23:59:59',
            '180',
            '2019-12-09 19:02:14',
            '0',
            NULL,
            '0',
            'N'
        ),(
            #{member_id},
            '81',
            NULL,
            '2019-12-13 00:00:00',
            '2020-01-01 23:59:59',
            '180',
            '2019-12-09 19:02:14',
            '0',
            NULL,
            '0',
            'N'
        ),(
            #{member_id},
            '82',
            NULL,
            '2019-12-13 00:00:00',
            '2020-01-01 23:59:59',
            '180',
            '2019-12-09 19:02:14',
            '0',
            NULL,
            '0',
            'N'
        ),(
            #{member_id},
            '83',
            NULL,
            '2019-12-13 00:00:00',
            '2020-01-01 23:59:59',
            '180',
            '2019-12-09 19:02:14',
            '0',
            NULL,
            '0',
            'N'
        ),(
        #{member_id},
        '84',
        NULL,
        '2019-12-13 00:00:00',
        '2020-01-01 23:59:59',
        '180',
        '2019-12-09 19:02:14',
        '0',
        NULL,
        '0',
        'N'
        );
    </insert>
</mapper>