[
  {
    "name": "开始交付时间",
    "editor": "date",

    "Vmodel": "delivery_Start_dt"
  },
  {
    "name": "结束交付时间",
    "editor": "date",

    "Vmodel": "delivery_End_dt"
  },
  {
    "name": "物流公司",
    "editor": "input",
    "Vmodel": "delivery_vendor",
    "type":"text"
  },
  {
    "name": "收货地址",
    "editor": "input",
    "Vmodel": "delivery_address",
    "type":"text"
  },
  {
    "name": "是否需要加工包装服务",
    "editor": "select",
    "Vmodel": "needpack",
    "dicList":"needpackList"
  },
  {
    "name": "提供加工包装服务",
    "editor": "select",
    "Vmodel": "pack",
    "dicList":"packList"
  },
  {
    "name": "提供的包装服务具体描述",
    "editor": "input",
    "Vmodel": "pack_remark",
    "type":"text"
  },

  {
    "name": "付款日期",
    "editor": "date",
    "Vmodel": "payDay"
  },
  {
    "name": "保密义务的有效期限(年)",
    "editor": "input",
    "Vmodel": "validityperiod",
    "type":"number"
  },
  {
    "name": "付款违约滞纳金(%/日)",
    "editor": "input",
    "Vmodel": "overduefine",
    "type":"number"
  },
  {
    "name": "地址或联系人变更,提前通知(日)",
    "editor": "input",
    "Vmodel": "changesneedadvance",
    "type":"number"
  },
  {
    "name": "费用结算方式",
    "editor": "select",
    "Vmodel": "pay_type",
    "dicList":"contractpaytypeList"
  }
]
