[
  {
    "nameList": ["5#70#","70#75#","75#80#","80#往上","85#往上"],
    "Posstart": 0
  },
  {
    "nameList": ["单层(","10","12","14","16","18","20)"],
    "Posstart": 5
  },
  {
    "nameList": ["双层(","20","24","28","32","36","40","44)"],
    "Posstart": 12
  },
  {
    "nameList": ["三层(","36","40","44","48","52","56","60)"],
    "Posstart":20
  },
  {
    "nameList": ["四层(","48","52","56","60","64","68","72","76","80)"],
    "Posstart":28
  },
  {
    "nameList": ["其他"],
    "Posstart": 38
  },
  {
    "nameList":["一级","二级","三级","四级","一级半","一二级","一二级半"],
    "Posstart": 39
  }
]
