<?xml version="1.0" encoding="UTF-8"?>
<!DOCTYPE mapper PUBLIC "-//mybatis.org//DTD Mapper 3.0//EN" "http://mybatis.org/dtd/mybatis-3-mapper.dtd">
<!-- 参数管理手工映射SQL语句 -->
<mapper namespace="newuserCoupon">

    <sql id="sql_where">

        <if test="''!=newuser_id and null!=newuser_id">
            and a.newuser_id = #{newuser_id}
        </if>
        <if test="''!=id and null!=id">
            and a.id = #{id}
        </if>

    </sql>

    <!-- 查询 -->
    <select id="queryList" parameterType="map" resultType="dto">
        SELECT a.*,c.*,b.`name` as shopname,
        (case c.status when 1 then '失效' when '0' then '启用' END) as statusval,
        (case c.the_products when 1 then '本商铺通用' when '0' then '全平台'  else "指定商品" END) as theProducts,
        (case c.type when 1 then '代金券' when '2' then '折扣券' when '3' then '免单券' END) as types,
        s.username as crectorname,s1.username as updctorname
        FROM m_market_newuser_coupon a
        LEFT JOIN m_market_coupon c ON c.id = a.coupon_id
        LEFT JOIN m_shop b ON c.shop_id = b.id
        LEFT JOIN sys_user s ON c.creator = s.id
        LEFT JOIN sys_user s1 ON c.updator = s1.id
        WHERE 1=1
        <include refid="sql_where"/>
        ORDER BY a.id
        <if test="null!=start">
            limit ${start},${limit}
        </if>
    </select>

    <select id="queryListCount" parameterType="map" resultType="dto">
        SELECT count(1) as total
        FROM m_market_newuser_coupon a
        LEFT JOIN m_market_coupon c ON c.id = a.coupon_id
        LEFT JOIN m_shop b ON c.shop_id = b.id
        LEFT JOIN sys_user s ON c.creator = s.id
        LEFT JOIN sys_user s1 ON c.updator = s1.id
        WHERE 1=1
        <include refid="sql_where" />
    </select>


</mapper>