<?xml version="1.0" encoding="UTF-8"?>
<!DOCTYPE mapper PUBLIC "-//mybatis.org//DTD Mapper 3.0//EN" "http://mybatis.org/dtd/mybatis-3-mapper.dtd">
<!-- 参数管理手工映射SQL语句 -->
<mapper namespace="marketCouponUser">

    <sql id="sql_where">
        <if test="''!=id and null !=id">
            and a.id=#{id}
        </if>
        <if test="''!=member_id and null !=member_id">
            and a.member_id=#{member_id}
        </if>
        <if test="''!=coupon_id and null!=coupon_id">
            and a.coupon_id=#{coupon_id}
        </if>
        <if test="''!=status and null !=status">
            and a.status=#{status}
        </if>
    </sql>

    <!-- 查询 -->
    <select id="queryList" parameterType="map" resultType="dto">
        SELECT
        a.*,m.*,c.val,b.username,b.telephone
        FROM
        m_market_coupon_user a
        LEFT JOIN m_market_coupon m ON a.coupon_id = m.id
        LEFT JOIN sys_config c ON a.`status` = c.id
        LEFT JOIN m_shop d ON d.id = m.shop_id
        LEFT JOIN m_member b ON a.member_id = b.id
        <if test="''!=productId and null !=productId">
            LEFT JOIN m_product e ON e.shop_id = d.id
        </if>
        WHERE 1=1
        <if test="''!=member_id and null !=member_id">
            and m.the_products IN (0, 1)
        </if>
        AND CURDATE() >= DATE(m.starttime)
        AND m.endtime >= CURDATE()
        AND a.is_delete = 'N'
        <if test="''!=member_id and null !=member_id">
            and a.member_id=#{member_id}
        </if>
        <if test="''!=productId and null !=productId">
            and e.id=#{productId}
        </if>
        <if test="''!=status and null !=status">
            and a.status=#{status}
        </if>
        ORDER BY a.id
        <if test="null!=start">
            limit ${start},${end}
        </if>
    </select>

    <!-- 查询 -->
    <select id="queryListLog" parameterType="map" resultType="dto">
        SELECT
        a.*,b.username,b.telephone,m.*,
        ifnull((
        SELECT
        ifnull(
        concat(mp. NAME, '-', mp.create_time),
        '自领取'
        )
        FROM
        m_market_package_user as pu
        LEFT JOIN m_market_package_coupon AS mc on(mc.package_id=pu.package_id)
        LEFT JOIN m_market_package AS mp ON (mc.package_id = mp.id)
        WHERE
        mc.coupon_id = a.coupon_id and pu.member_id=a.member_id
        LIMIT 1
        ),'自领取') AS package_name
        FROM
        m_market_coupon_user a
        LEFT JOIN m_market_coupon m ON a.coupon_id = m.id
        LEFT JOIN m_member b ON a.member_id = b.id
        WHERE 1=1
        AND a.is_delete = 'N'
        <if test="''!=member_id and null !=member_id">
            and a.member_id=#{member_id}
        </if>
        <if test="''!=productId and null !=productId">
            and e.id=#{productId}
        </if>
        <if test="''!=status and null !=status">
            and a.status=#{status}
        </if>
        <if test="''!=name and null !=name">
            and m.name=#{name}
        </if>
        <if test="''!=telephone and null !=telephone">
            and b.telephone=#{telephone}
        </if>
        <if test="''!=username and null !=username">
            and b.username=#{username}
        </if>
        ORDER BY a.id desc
        <if test="null!=start">
            limit ${start},${end}
        </if>
    </select>

    <!-- 查询 -->
    <select id="queryListLogCount" parameterType="map" resultType="dto">
        SELECT
        count(1) as total
        FROM
        m_market_coupon_user a
        LEFT JOIN m_market_coupon m ON a.coupon_id = m.id
        LEFT JOIN m_member b ON a.member_id = b.id
        WHERE 1=1
        AND a.is_delete = 'N'
        <if test="''!=member_id and null !=member_id">
            and a.member_id=#{member_id}
        </if>
        <if test="''!=status and null !=status">
            and a.status=#{status}
        </if>
        <if test="''!=name and null !=name">
            and m.name=#{name}
        </if>
        <if test="''!=telephone and null !=telephone">
            and b.telephone=#{telephone}
        </if>
        <if test="''!=username and null !=username">
            and b.username=#{username}
        </if>
    </select>

    <!-- 查询 -->
    <select id="getInfo" parameterType="map" resultType="dto">
        SELECT
        a.*,m.*,c.val
        FROM
        m_market_coupon_user a
        LEFT JOIN m_market_coupon m ON a.coupon_id = m.id
        LEFT JOIN sys_config c ON a.`status` = c.id
        WHERE
        1 = 1
        AND a.is_delete = 'N'
        <include refid="sql_where"/>
        limit 0,1
    </select>


    <!-- 查询 -->
    <select id="getFreeInfo" parameterType="map" resultType="dto">
        SELECT
            a.*,m.*,c.val
        FROM
            m_market_coupon_user a
                LEFT JOIN m_market_coupon m ON a.coupon_id = m.id
                LEFT JOIN sys_config c ON a.`status` = c.id
        WHERE
            1 = 1 AND a.is_delete = 'N' and member_id = #{member_id} and m.type = 3
            limit 0,1
    </select>

    <!-- 查询 -->
    <select id="getInfoTotal" parameterType="map" resultType="dto">
        select
        (select count(1) from m_market_coupon_user a
        LEFT JOIN m_market_coupon m ON a.coupon_id = m.id
        LEFT JOIN m_member b ON a.member_id = b.id
        WHERE 1=1
        AND a.is_delete = 'N'
        <if test="''!=member_id and null !=member_id">
            and a.member_id=#{member_id}
        </if>
        <if test="''!=name and null !=name">
            and m.name=#{name}
        </if>
        <if test="''!=telephone and null !=telephone">
            and b.telephone=#{telephone}
        </if>
        <if test="''!=username and null !=username">
            and b.username=#{username}
        </if>) as lqtotal,
        (select count(1) from m_market_coupon_user a
        LEFT JOIN m_market_coupon m ON a.coupon_id = m.id
        LEFT JOIN m_member b ON a.member_id = b.id
        WHERE 1=1
        AND a.is_delete = 'N' and a.status = 180
        <if test="''!=member_id and null !=member_id">
            and a.member_id=#{member_id}
        </if>
        <if test="''!=name and null !=name">
            and m.name=#{name}
        </if>
        <if test="''!=telephone and null !=telephone">
            and b.telephone=#{telephone}
        </if>
        <if test="''!=username and null !=username">
            and b.username=#{username}
        </if>) as wsyotal,
        (select count(1) from m_market_coupon_user a
        LEFT JOIN m_market_coupon m ON a.coupon_id = m.id
        LEFT JOIN m_member b ON a.member_id = b.id
        WHERE 1=1
        AND a.is_delete = 'N' and a.status = 181
        <if test="''!=member_id and null !=member_id">
            and a.member_id=#{member_id}
        </if>
        <if test="''!=name and null !=name">
            and m.name=#{name}
        </if>
        <if test="''!=telephone and null !=telephone">
            and b.telephone=#{telephone}
        </if>
        <if test="''!=username and null !=username">
            and b.username=#{username}
        </if>
        ) as ysytotal
        from dual
    </select>

    <!-- 插入 -->
    <insert id="saveInfo" parameterType="dto">
        insert into
        m_market_coupon_user
        (
        <if test="null!=rmember and ''!=rmember">
            rmember,
        </if>
        <if test="null!=member_id">
            member_id,
        </if>
        <if test="null!=coupon_id and ''!=coupon_id">
            coupon_id,
        </if>
        <if test="null!=starttime and ''!=starttime">
            starttime,
        </if>
        <if test="null!=endtime and ''!=endtime">
            endtime,
        </if>
        <if test="null!=status and ''!=status">
            status,
        </if>
        create_time,
        <if test="null!=creator and ''!=creator">
            creator,
        </if>
        is_delete
        )
        values
        (
        <if test="null!=rmember and ''!=rmember">
            #{rmember},
        </if>
        <if test="null!=member_id">
            #{member_id},
        </if>
        <if test="null!=coupon_id and ''!=coupon_id">
            #{coupon_id},
        </if>
        <if test="null!=starttime and ''!=starttime">
            #{starttime},
        </if>
        <if test="null!=endtime and ''!=endtime">
            #{endtime},
        </if>
        <if test="null!=status and ''!=status">
            #{status},
        </if>
        now(),
        <if test="null!=creator and ''!=creator">
            #{creator},
        </if>
        'N')
    </insert>

    <!-- 删除 -->
    <delete id="deleteInfo" parameterType="map">
        UPDATE m_market_coupon_user set is_delete = 'Y' WHERE id = #{id}
    </delete>

    <!-- 修改 -->
    <update id="updateInfo" parameterType="dto">
        update m_market_coupon_user
        set
        <if test="member_id">
            member_id = #{member_id},
        </if>
        <if test="coupon_id">
            coupon_id = #{coupon_id},
        </if>
        <if test="status">
            status = #{status},
        </if>
        <if test="updator">
            updator = #{updator},
        </if>
        update_time = now()
        where id = #{id}
    </update>

    <select id="queryUserCouponById" parameterType="map" resultType="dto">
        SELECT
            *
        FROM
            m_market_coupon AS b
                LEFT JOIN m_market_coupon_user AS a on (a.coupon_id=b.id)
        WHERE
            a.member_id = #{member_id}
          AND a.coupon_id = #{coupon_id}
          AND a.`status`= 180
    </select>


    <!--查看用户优惠券信息-->
    <select id="getUserCouponInfo" parameterType="map" resultType="dto">
        SELECT
        b.*, (
        CASE b. STATUS
        WHEN 1 THEN
        '失效'
        WHEN '0' THEN
        '启用'
        END
        ) AS statusval,
        (
        CASE b.the_products
        WHEN 1 THEN
        '本商铺通用'
        WHEN '0' THEN
        '全平台'
        ELSE
        "指定商品"
        END
        ) AS theProducts,
        (
        CASE b.type
        WHEN 1 THEN
        '代金券'
        WHEN 2 THEN
        '折扣券'
        WHEN 3 THEN
        '免单券'
        ELSE
        '其他'
        END
        ) AS typeval,
        b.type,
        b.description,
        (
        CASE b.type
        WHEN 1 THEN
        CONCAT('订单满',b.full_money,'可用')
        WHEN 2 THEN
        CONCAT('最大折扣金额', b.max_money)
        WHEN 3 THEN
        CONCAT('免单购买份数',b.buy_number)
        ELSE
        ''
        END
        ) AS show_desc,
        IF (
        b.the_products = 2,
        (
        SELECT
        GROUP_CONCAT(mcu.pro_id SEPARATOR ',')
        FROM
        m_market_coupon_pro AS mcu
        WHERE
        mcu.coupon_id = b.id
        ),
        ''
        )as product_ids,
        (select count(1) from m_order as saa where saa.member_id=#{member_id}) as orderTotal,
        if(now()>=a.starttime,0,1) as is_ok
        FROM
        m_market_coupon_user AS a
        LEFT JOIN m_market_coupon AS b ON (a.coupon_id = b.id)
        where a.member_id=#{member_id} and a.status=180
        <!--未过期   -->
        <if test="null!=type and type==1">
            <!--and now()>=a.starttime and now()&lt;=a.endtime -->
            and now()&lt;=a.endtime
        </if>
        <!--已过期   -->
        <if test="null!=type and type==2">
            and now()&gt;a.endtime
        </if>
        <if test="null==type or ''==type">
            and now()>=a.starttime and now()&lt;=a.endtime
        </if>
        order by b.money
    </select>
</mapper>