<?xml version="1.0" encoding="UTF-8"?>
<!DOCTYPE mapper PUBLIC "-//mybatis.org//DTD Mapper 3.0//EN" "http://mybatis.org/dtd/mybatis-3-mapper.dtd">

<!-- 参数管理手工映射SQL语句 -->
<mapper namespace="marketFullReduction">

    <sql id="sql_where">
           <if test="''!=startDate and null!=startDate">
               and  DATE(a.create_time) &gt;= #{startDate}
            </if>
           <if test="''!=endDate and null!=endDate">
               and   DATE(a.create_time) &lt;= #{endDate}
           </if>
           <if test="''!=startWhile and null!=startWhile">
               and  DATE(a.starttime) &gt;= #{startWhile}
           </if>
           <if test="''!=endWhile and null!=endWhile">
               and  DATE(a.starttime) &lt;= #{endWhile}
           </if>
           <if test="''!=startTime and null!=startTime">
               and  DATE(a.endtime) &gt;= #{startTime}
           </if>
           <if test="''!=endTime and null!=endTime">
               and    DATE(a.endtime) &lt;= #{endTime}
           </if>
           <if test="''!=shopname and null!=shopname">
              and b.name LIKE CONCAT('%', #{shopname}, '%')
           </if>
           <if test="''!=mail_free and null!=mail_free">
               and a.mail_free = #{mail_free}
           </if>
           <if test="''!=status and null!=status">
               and a.status = #{status}
           </if>
           <if test="''!=shopId and null!=shopId">
               and b.id = #{shopId}
           </if>
           <if test="''!=shopId and null!=shopid">
               and b.id = #{shopId}
           </if>
           <if test="''!=mail_free and null!=mail_free">
               and   a.mail_free = #{mail_free}
           </if>
           <if test="''!=status and null!=status">
               and  a.status = #{status}
           </if>
           <if test="''!=shopId and null!=shopId">
               and   b.id = #{shopId}
           </if>
           <if test="''!=shopid and null!=shopid">
               and   a.shop_id = #{shopid}
           </if>
           <if test="''!=shopId and null!=id">
               and a.id = #{id}
           </if>
    </sql>

    <!-- 查询 -->
    <select id="queryList" parameterType="map" resultType="dto">
        SELECT a.*,b.`name` as shopname,
        (case a.status when 1 then '生效' when '0' then '失效' END) as statusval,
        (case a.mail_free when 1 then '包邮' when '0' then '不包邮' END) as mailfree,
        s.username as creatorname,s1.username as updatorname
        FROM m_market_full_reduction a
        LEFT JOIN m_shop b ON a.shop_id = b.id
        LEFT JOIN sys_user s ON a.creator = s.id
        LEFT JOIN sys_user s1 ON a.updator = s1.id
        WHERE 1=1 and a.is_delete = 'N'
        <include refid="sql_where"/>
        <if test="''!=flag and null!=flag">
            ( 1 = #{flag} or a.shop_id = #{flag})
        </if>
        ORDER BY id
    </select>

    <!-- 查询 -->
    <select id="getInfo" parameterType="map" resultType="dto">
        SELECT a.*,b.`name` as shopname,
        (case a.status when 1 then '生效' when '0' then '失效' END) as statusval,
        (case a.mail_free when 1 then '包邮' when '0' then '不包邮' END) as mailfree,
        s.username as creatorname,s1.username as updatorname
        FROM m_market_full_reduction a
        LEFT JOIN m_shop b ON a.shop_id = b.id
        LEFT JOIN sys_user s ON a.creator = s.id
        LEFT JOIN sys_user s1 ON a.updator = s1.id
        WHERE 1=1 and a.is_delete = 'N'
        <include refid="sql_where"/>
        limit 0,1
    </select>

    <!-- 插入 -->
    <insert id="saveInfo" parameterType="dto">
        insert into m_market_full_reduction (shop_id, money, 
          discount, mail_free, full_money, 
          full_nums, starttime, endtime, 
          status, create_time, creator, is_delete
          )
        values (#{shop_id}, #{money},
          #{discount}, #{mail_free2}, #{full_money},
          #{full_nums}, #{starttime}, #{endtime},
          1, now(), #{creator}, 'N'
          )
    </insert>

    <!-- 删除 -->
    <delete id="deleteInfo" parameterType="map">
        UPDATE m_market_full_reduction set is_delete = 'Y' WHERE id = #{id}
    </delete>

    <!-- 修改 -->
    <update id="updateInfo" parameterType="dto">
        update m_market_full_reduction
        set
        <if test="shop_id">
            shop_id = #{shop_id},
        </if>
        <if test="money">
            money = #{money},
        </if>
        <if test="discount">
            discount = #{discount},
        </if>
        <if test="mail_free2">
            mail_free = #{mail_free2},
        </if>
        <if test="full_money">
            full_money = #{full_money},
        </if>
        <if test="full_nums">
            full_nums = #{full_nums},
        </if>
        <if test="starttime">
            starttime = #{starttime},
        </if>
        <if test="endtime">
            endtime = #{endtime},
        </if>
        <if test="status">
            status = #{status},
        </if>
        <if test="updator">
            updator = #{updator},
        </if>
        update_time = now()
        where id = #{id}
    </update>

</mapper>